{"10000002":{"200200":{"animatorConfigPathHash":0,"BIDJFACEAHJ":false,"CDNBAHDCNJK":0,"characterId":10000002,"controllerPathHash":0,"controllerRemotePathHash":0,"descTextMapHash":2373183578,"EEADAJBBLPI":0,"frontIconName":"","GEDCGFHBLGM":false,"GLAJOCMNOJF":0,"hide":false,"IJKCBNBGLDO":false,"imageNameHash":0,"indexID":0,"isDefault":true,"itemId":0,"jsonName":"","nameTextMapHash":171482850,"prefabManekinPathHash":0,"prefabNpcPathHash":0,"prefabPathHash":0,"prefabRemotePathHash":0,"quality":0,"sideIconName":"","skinId":200200},"200201":{"animatorConfigPathHash":16603455789725430000,"BIDJFACEAHJ":false,"CDNBAHDCNJK":1066153760707115500,"characterId":10000002,"controllerPathHash":17673295221370888000,"controllerRemotePathHash":430291944493067840,"descTextMapHash":2663678610,"EEADAJBBLPI":15674264965754194000,"frontIconName":"UI_AvatarIcon_AyakaCostumeFruhling","GEDCGFHBLGM":false,"GLAJOCMNOJF":10103075333299577000,"hide":false,"IJKCBNBGLDO":false,"imageNameHash":17153758638107736000,"indexID":1,"isDefault":false,"itemId":340010,"jsonName":"Avatar_Girl_Sword_AyakaCostumeFruhling","nameTextMapHash":2768521498,"prefabManekinPathHash":8511293476587773000,"prefabNpcPathHash":17569223125650117000,"prefabPathHash":11012300754669183000,"prefabRemotePathHash":10678187531089930000,"quality":4,"sideIconName":"UI_AvatarIcon_Side_AyakaCostumeFruhling","skinId":200201}},"10000003":{"200300":{"animatorConfigPathHash":0,"BIDJFACEAHJ":false,"CDNBAHDCNJK":0,"characterId":10000003,"controllerPathHash":0,"controllerRemotePathHash":0,"descTextMapHash":248153650,"EEADAJBBLPI":0,"frontIconName":"","GEDCGFHBLGM":false,"GLAJOCMNOJF":0,"hide":false,"IJKCBNBGLDO":true,"imageNameHash":0,"indexID":0,"isDefault":true,"itemId":0,"jsonName":"","nameTextMapHash":2431528538,"prefabManekinPathHash":0,"prefabNpcPathHash":0,"prefabPathHash":0,"prefabRemotePathHash":0,"quality":0,"sideIconName":"","skinId":200300},"200301":{"animatorConfigPathHash":0,"BIDJFACEAHJ":false,"CDNBAHDCNJK":0,"characterId":10000003,"controllerPathHash":0,"controllerRemotePathHash":0,"descTextMapHash":3529954098,"EEADAJBBLPI":0,"frontIconName":"UI_AvatarIcon_QinCostumeSea","GEDCGFHBLGM":false,"GLAJOCMNOJF":3634508134047269400,"hide":false,"IJKCBNBGLDO":false,"imageNameHash":7856783315815955000,"indexID":2,"isDefault":false,"itemId":340001,"jsonName":"Avatar_Lady_Sword_QinCostumeSea","nameTextMapHash":1504245738,"prefabManekinPathHash":16220654252350374000,"prefabNpcPathHash":2693372009414780000,"prefabPathHash":9215865218573513000,"prefabRemotePathHash":17992774763103844000,"quality":4,"sideIconName":"UI_AvatarIcon_Side_QinCostumeSea","skinId":200301},"200302":{"animatorConfigPathHash":0,"BIDJFACEAHJ":true,"CDNBAHDCNJK":0,"characterId":10000003,"controllerPathHash":0,"controllerRemotePathHash":0,"descTextMapHash":1553444314,"EEADAJBBLPI":0,"frontIconName":"UI_AvatarIcon_QinCostumeWic","GEDCGFHBLGM":false,"GLAJOCMNOJF":7419098755292597000,"hide":true,"IJKCBNBGLDO":false,"imageNameHash":2268507951203388000,"indexID":1,"isDefault":false,"itemId":340006,"jsonName":"Avatar_Lady_Sword_QinCostumeWic","nameTextMapHash":2691230306,"prefabManekinPathHash":6257448215821890000,"prefabNpcPathHash":8899383397730056000,"prefabPathHash":11789304378759268000,"prefabRemotePathHash":2508262379750057000,"quality":4,"sideIconName":"UI_AvatarIcon_Side_QinCostumeWic","skinId":200302}},"10000005":{"200500":{"animatorConfigPathHash":0,"BIDJFACEAHJ":false,"CDNBAHDCNJK":0,"characterId":10000005,"controllerPathHash":0,"controllerRemotePathHash":0,"descTextMapHash":2814665554,"EEADAJBBLPI":0,"frontIconName":"","GEDCGFHBLGM":false,"GLAJOCMNOJF":0,"hide":false,"IJKCBNBGLDO":false,"imageNameHash":0,"indexID":0,"isDefault":true,"itemId":0,"jsonName":"","nameTextMapHash":1648736450,"prefabManekinPathHash":0,"prefabNpcPathHash":0,"prefabPathHash":0,"prefabRemotePathHash":0,"quality":0,"sideIconName":"","skinId":200500}},"10000006":{"200600":{"animatorConfigPathHash":0,"BIDJFACEAHJ":false,"CDNBAHDCNJK":0,"characterId":10000006,"controllerPathHash":0,"controllerRemotePathHash":0,"descTextMapHash":3946345210,"EEADAJBBLPI":0,"frontIconName":"","GEDCGFHBLGM":false,"GLAJOCMNOJF":0,"hide":false,"IJKCBNBGLDO":false,"imageNameHash":0,"indexID":0,"isDefault":true,"itemId":0,"jsonName":"","nameTextMapHash":672166154,"prefabManekinPathHash":0,"prefabNpcPathHash":0,"prefabPathHash":0,"prefabRemotePathHash":0,"quality":0,"sideIconName":"","skinId":200600},"200601":{"animatorConfigPathHash":5920923966167289000,"BIDJFACEAHJ":false,"CDNBAHDCNJK":6743697234004768000,"characterId":10000006,"controllerPathHash":3844565694031600600,"controllerRemotePathHash":8887732179020530000,"descTextMapHash":2734308554,"EEADAJBBLPI":7252708095919229000,"frontIconName":"UI_AvatarIcon_LisaCostumeStudentin","GEDCGFHBLGM":false,"GLAJOCMNOJF":12184526212600211000,"hide":false,"IJKCBNBGLDO":false,"imageNameHash":3666831924373171000,"indexID":1,"isDefault":false,"itemId":340011,"jsonName":"Avatar_Lady_Catalyst_LisaCostumeStudentin","nameTextMapHash":2255412906,"prefabManekinPathHash":9138671107307150000,"prefabNpcPathHash":5639347602417794000,"prefabPathHash":12600550299813160000,"prefabRemotePathHash":5893029251442558000,"quality":4,"sideIconName":"UI_AvatarIcon_Side_LisaCostumeStudentin","skinId":200601}},"10000007":{"200700":{"animatorConfigPathHash":0,"BIDJFACEAHJ":false,"CDNBAHDCNJK":0,"characterId":10000007,"controllerPathHash":0,"controllerRemotePathHash":0,"descTextMapHash":2020994066,"EEADAJBBLPI":0,"frontIconName":"","GEDCGFHBLGM":false,"GLAJOCMNOJF":0,"hide":false,"IJKCBNBGLDO":false,"imageNameHash":0,"indexID":0,"isDefault":true,"itemId":0,"jsonName":"","nameTextMapHash":3561662730,"prefabManekinPathHash":0,"prefabNpcPathHash":0,"prefabPathHash":0,"prefabRemotePathHash":0,"quality":0,"sideIconName":"","skinId":200700}},"10000014":{"201400":{"animatorConfigPathHash":0,"BIDJFACEAHJ":false,"CDNBAHDCNJK":0,"characterId":10000014,"controllerPathHash":0,"controllerRemotePathHash":0,"descTextMapHash":3092975850,"EEADAJBBLPI":0,"frontIconName":"","GEDCGFHBLGM":false,"GLAJOCMNOJF":0,"hide":false,"IJKCBNBGLDO":false,"imageNameHash":0,"indexID":0,"isDefault":true,"itemId":0,"jsonName":"","nameTextMapHash":2895548298,"prefabManekinPathHash":0,"prefabNpcPathHash":0,"prefabPathHash":0,"prefabRemotePathHash":0,"quality":0,"sideIconName":"","skinId":201400},"201401":{"animatorConfigPathHash":0,"BIDJFACEAHJ":false,"CDNBAHDCNJK":0,"characterId":10000014,"controllerPathHash":0,"controllerRemotePathHash":0,"descTextMapHash":2644173682,"EEADAJBBLPI":0,"frontIconName":"UI_AvatarIcon_BarbaraCostumeSummertime","GEDCGFHBLGM":false,"GLAJOCMNOJF":17692349984920977000,"hide":false,"IJKCBNBGLDO":false,"imageNameHash":16049450277489158000,"indexID":1,"isDefault":false,"itemId":340000,"jsonName":"Avatar_Girl_Catalyst_BarbaraCostumeSummertime","nameTextMapHash":4121525482,"prefabManekinPathHash":7590386921274555000,"prefabNpcPathHash":5183081712927355000,"prefabPathHash":10565960914446858000,"prefabRemotePathHash":10341761028724613000,"quality":4,"sideIconName":"UI_AvatarIcon_Side_BarbaraCostumeSummertime","skinId":201401}},"10000015":{"201500":{"animatorConfigPathHash":0,"BIDJFACEAHJ":false,"CDNBAHDCNJK":0,"characterId":10000015,"controllerPathHash":0,"controllerRemotePathHash":0,"descTextMapHash":1523967378,"EEADAJBBLPI":0,"frontIconName":"","GEDCGFHBLGM":false,"GLAJOCMNOJF":0,"hide":false,"IJKCBNBGLDO":false,"imageNameHash":0,"indexID":0,"isDefault":true,"itemId":0,"jsonName":"","nameTextMapHash":4036813530,"prefabManekinPathHash":0,"prefabNpcPathHash":0,"prefabPathHash":0,"prefabRemotePathHash":0,"quality":0,"sideIconName":"","skinId":201500},"201501":{"animatorConfigPathHash":0,"BIDJFACEAHJ":false,"CDNBAHDCNJK":0,"characterId":10000015,"controllerPathHash":0,"controllerRemotePathHash":0,"descTextMapHash":2590769514,"EEADAJBBLPI":0,"frontIconName":"UI_AvatarIcon_KaeyaCostumeDancer","GEDCGFHBLGM":false,"GLAJOCMNOJF":5002861976005417000,"hide":false,"IJKCBNBGLDO":false,"imageNameHash":6823783867527131000,"indexID":1,"isDefault":false,"itemId":340013,"jsonName":"Avatar_Male_Sword_KaeyaCostumeDancer","nameTextMapHash":177626138,"prefabManekinPathHash":5213861121553670000,"prefabNpcPathHash":477895560165567300,"prefabPathHash":494681429835695000,"prefabRemotePathHash":15807700893622235000,"quality":4,"sideIconName":"UI_AvatarIcon_Side_KaeyaCostumeDancer","skinId":201501}},"10000016":{"201600":{"animatorConfigPathHash":0,"BIDJFACEAHJ":false,"CDNBAHDCNJK":0,"characterId":10000016,"controllerPathHash":0,"controllerRemotePathHash":0,"descTextMapHash":2401924570,"EEADAJBBLPI":0,"frontIconName":"","GEDCGFHBLGM":false,"GLAJOCMNOJF":0,"hide":false,"IJKCBNBGLDO":false,"imageNameHash":0,"indexID":0,"isDefault":true,"itemId":0,"jsonName":"","nameTextMapHash":674973162,"prefabManekinPathHash":0,"prefabNpcPathHash":0,"prefabPathHash":0,"prefabRemotePathHash":0,"quality":0,"sideIconName":"","skinId":201600},"201601":{"animatorConfigPathHash":17146454811973010000,"BIDJFACEAHJ":false,"CDNBAHDCNJK":2641804271410635000,"characterId":10000016,"controllerPathHash":9590652495663153000,"controllerRemotePathHash":4585718866811975000,"descTextMapHash":3295060426,"EEADAJBBLPI":2983269504837449700,"frontIconName":"UI_AvatarIcon_DilucCostumeFlamme","GEDCGFHBLGM":false,"GLAJOCMNOJF":17998867110601988000,"hide":false,"IJKCBNBGLDO":false,"imageNameHash":3029142693095236000,"indexID":1,"isDefault":false,"itemId":340004,"jsonName":"Avatar_Male_Claymore_DilucCostumeFlamme","nameTextMapHash":1332852170,"prefabManekinPathHash":13676438560609835000,"prefabNpcPathHash":7202002721915920000,"prefabPathHash":10368416818400608000,"prefabRemotePathHash":15335225919554738000,"quality":5,"sideIconName":"UI_AvatarIcon_Side_DilucCostumeFlamme","skinId":201601}},"10000020":{"202000":{"animatorConfigPathHash":0,"BIDJFACEAHJ":false,"CDNBAHDCNJK":0,"characterId":10000020,"controllerPathHash":0,"controllerRemotePathHash":0,"descTextMapHash":2955915298,"EEADAJBBLPI":0,"frontIconName":"","GEDCGFHBLGM":false,"GLAJOCMNOJF":0,"hide":false,"IJKCBNBGLDO":false,"imageNameHash":0,"indexID":0,"isDefault":true,"itemId":0,"jsonName":"","nameTextMapHash":1677296490,"prefabManekinPathHash":0,"prefabNpcPathHash":0,"prefabPathHash":0,"prefabRemotePathHash":0,"quality":0,"sideIconName":"","skinId":202000}},"10000021":{"202100":{"animatorConfigPathHash":0,"BIDJFACEAHJ":false,"CDNBAHDCNJK":0,"characterId":10000021,"controllerPathHash":0,"controllerRemotePathHash":0,"descTextMapHash":2978334658,"EEADAJBBLPI":0,"frontIconName":"","GEDCGFHBLGM":false,"GLAJOCMNOJF":0,"hide":false,"IJKCBNBGLDO":true,"imageNameHash":0,"indexID":0,"isDefault":true,"itemId":0,"jsonName":"","nameTextMapHash":690774682,"prefabManekinPathHash":0,"prefabNpcPathHash":0,"prefabPathHash":0,"prefabRemotePathHash":0,"quality":0,"sideIconName":"","skinId":202100},"202101":{"animatorConfigPathHash":0,"BIDJFACEAHJ":true,"CDNBAHDCNJK":0,"characterId":10000021,"controllerPathHash":0,"controllerRemotePathHash":0,"descTextMapHash":2955174482,"EEADAJBBLPI":0,"frontIconName":"UI_AvatarIcon_AmborCostumeWic","GEDCGFHBLGM":false,"GLAJOCMNOJF":8585842464129120000,"hide":true,"IJKCBNBGLDO":false,"imageNameHash":1673287744058013000,"indexID":1,"isDefault":false,"itemId":340007,"jsonName":"Avatar_Girl_Bow_AmborCostumeWic","nameTextMapHash":4237698530,"prefabManekinPathHash":11555033508243667000,"prefabNpcPathHash":16495873575277371000,"prefabPathHash":7122218723217693000,"prefabRemotePathHash":14462486063824583000,"quality":4,"sideIconName":"UI_AvatarIcon_Side_AmborCostumeWic","skinId":202101}},"10000022":{"202200":{"animatorConfigPathHash":0,"BIDJFACEAHJ":false,"CDNBAHDCNJK":0,"characterId":10000022,"controllerPathHash":0,"controllerRemotePathHash":0,"descTextMapHash":3977341762,"EEADAJBBLPI":0,"frontIconName":"","GEDCGFHBLGM":false,"GLAJOCMNOJF":0,"hide":false,"IJKCBNBGLDO":false,"imageNameHash":0,"indexID":0,"isDefault":true,"itemId":0,"jsonName":"","nameTextMapHash":3806453578,"prefabManekinPathHash":0,"prefabNpcPathHash":0,"prefabPathHash":0,"prefabRemotePathHash":0,"quality":0,"sideIconName":"","skinId":202200}},"10000023":{"202300":{"animatorConfigPathHash":0,"BIDJFACEAHJ":false,"CDNBAHDCNJK":0,"characterId":10000023,"controllerPathHash":0,"controllerRemotePathHash":0,"descTextMapHash":2478839258,"EEADAJBBLPI":0,"frontIconName":"","GEDCGFHBLGM":false,"GLAJOCMNOJF":0,"hide":false,"IJKCBNBGLDO":false,"imageNameHash":0,"indexID":0,"isDefault":true,"itemId":0,"jsonName":"","nameTextMapHash":2926593050,"prefabManekinPathHash":0,"prefabNpcPathHash":0,"prefabPathHash":0,"prefabRemotePathHash":0,"quality":0,"sideIconName":"","skinId":202300},"202301":{"animatorConfigPathHash":18391637430908082000,"BIDJFACEAHJ":false,"CDNBAHDCNJK":15592533477897634000,"characterId":10000023,"controllerPathHash":5118180850961350000,"controllerRemotePathHash":10196403020682996000,"descTextMapHash":3704801658,"EEADAJBBLPI":5896373471589186000,"frontIconName":"UI_AvatarIcon_XianglingCostumeWinter","GEDCGFHBLGM":false,"GLAJOCMNOJF":13695067350863368000,"hide":false,"IJKCBNBGLDO":false,"imageNameHash":12560219265155160000,"indexID":1,"isDefault":false,"itemId":340020,"jsonName":"Avatar_Girl_Pole_XianglingCostumeWinter","nameTextMapHash":3584800114,"prefabManekinPathHash":11249329097296183000,"prefabNpcPathHash":3662724982812999000,"prefabPathHash":804895169000894700,"prefabRemotePathHash":15717631072147569000,"quality":4,"sideIconName":"UI_AvatarIcon_Side_XianglingCostumeWinter","skinId":202301}},"10000024":{"202400":{"animatorConfigPathHash":0,"BIDJFACEAHJ":false,"CDNBAHDCNJK":0,"characterId":10000024,"controllerPathHash":0,"controllerRemotePathHash":0,"descTextMapHash":1844332810,"EEADAJBBLPI":0,"frontIconName":"","GEDCGFHBLGM":false,"GLAJOCMNOJF":0,"hide":false,"IJKCBNBGLDO":false,"imageNameHash":0,"indexID":0,"isDefault":true,"itemId":0,"jsonName":"","nameTextMapHash":2091122082,"prefabManekinPathHash":0,"prefabNpcPathHash":0,"prefabPathHash":0,"prefabRemotePathHash":0,"quality":0,"sideIconName":"","skinId":202400}},"10000025":{"202500":{"animatorConfigPathHash":0,"BIDJFACEAHJ":false,"CDNBAHDCNJK":0,"characterId":10000025,"controllerPathHash":0,"controllerRemotePathHash":0,"descTextMapHash":1606071354,"EEADAJBBLPI":0,"frontIconName":"","GEDCGFHBLGM":false,"GLAJOCMNOJF":0,"hide":false,"IJKCBNBGLDO":false,"imageNameHash":0,"indexID":0,"isDefault":true,"itemId":0,"jsonName":"","nameTextMapHash":3118674250,"prefabManekinPathHash":0,"prefabNpcPathHash":0,"prefabPathHash":0,"prefabRemotePathHash":0,"quality":0,"sideIconName":"","skinId":202500},"202501":{"animatorConfigPathHash":0,"BIDJFACEAHJ":false,"CDNBAHDCNJK":0,"characterId":10000025,"controllerPathHash":0,"controllerRemotePathHash":0,"descTextMapHash":2374826642,"EEADAJBBLPI":0,"frontIconName":"UI_AvatarIcon_XingqiuCostumeBamboo","GEDCGFHBLGM":false,"GLAJOCMNOJF":3476514916662296600,"hide":false,"IJKCBNBGLDO":false,"imageNameHash":16611982762112193000,"indexID":1,"isDefault":false,"itemId":340016,"jsonName":"Avatar_Boy_Sword_XingqiuCostumeBamboo","nameTextMapHash":1935444386,"prefabManekinPathHash":14993972050868744000,"prefabNpcPathHash":1199989316314760400,"prefabPathHash":3120277132814718500,"prefabRemotePathHash":9952537578809033000,"quality":4,"sideIconName":"UI_AvatarIcon_Side_XingqiuCostumeBamboo","skinId":202501}},"10000026":{"202600":{"animatorConfigPathHash":0,"BIDJFACEAHJ":false,"CDNBAHDCNJK":0,"characterId":10000026,"controllerPathHash":0,"controllerRemotePathHash":0,"descTextMapHash":3291997178,"EEADAJBBLPI":0,"frontIconName":"","GEDCGFHBLGM":false,"GLAJOCMNOJF":0,"hide":false,"IJKCBNBGLDO":false,"imageNameHash":0,"indexID":0,"isDefault":true,"itemId":0,"jsonName":"","nameTextMapHash":2696933402,"prefabManekinPathHash":0,"prefabNpcPathHash":0,"prefabPathHash":0,"prefabRemotePathHash":0,"quality":0,"sideIconName":"","skinId":202600}},"10000027":{"202700":{"animatorConfigPathHash":0,"BIDJFACEAHJ":false,"CDNBAHDCNJK":0,"characterId":10000027,"controllerPathHash":0,"controllerRemotePathHash":0,"descTextMapHash":3980318498,"EEADAJBBLPI":0,"frontIconName":"","GEDCGFHBLGM":false,"GLAJOCMNOJF":0,"hide":false,"IJKCBNBGLDO":false,"imageNameHash":0,"indexID":0,"isDefault":true,"itemId":0,"jsonName":"","nameTextMapHash":116451794,"prefabManekinPathHash":0,"prefabNpcPathHash":0,"prefabPathHash":0,"prefabRemotePathHash":0,"quality":0,"sideIconName":"","skinId":202700},"202701":{"animatorConfigPathHash":0,"BIDJFACEAHJ":false,"CDNBAHDCNJK":0,"characterId":10000027,"controllerPathHash":0,"controllerRemotePathHash":0,"descTextMapHash":720597146,"EEADAJBBLPI":0,"frontIconName":"UI_AvatarIcon_NingguangCostumeFloral","GEDCGFHBLGM":false,"GLAJOCMNOJF":5359129983543856000,"hide":false,"IJKCBNBGLDO":false,"imageNameHash":13693364619168872000,"indexID":1,"isDefault":false,"itemId":340002,"jsonName":"Avatar_Lady_Catalyst_NingguangCostumeFloral","nameTextMapHash":2572106930,"prefabManekinPathHash":1433662792352814000,"prefabNpcPathHash":9773804280703926000,"prefabPathHash":15863689246053601000,"prefabRemotePathHash":11681843191975356000,"quality":4,"sideIconName":"UI_AvatarIcon_Side_NingguangCostumeFloral","skinId":202701}},"10000029":{"202900":{"animatorConfigPathHash":0,"BIDJFACEAHJ":false,"CDNBAHDCNJK":0,"characterId":10000029,"controllerPathHash":0,"controllerRemotePathHash":0,"descTextMapHash":3488214794,"EEADAJBBLPI":0,"frontIconName":"","GEDCGFHBLGM":false,"GLAJOCMNOJF":0,"hide":false,"IJKCBNBGLDO":false,"imageNameHash":0,"indexID":0,"isDefault":true,"itemId":0,"jsonName":"","nameTextMapHash":1023505626,"prefabManekinPathHash":0,"prefabNpcPathHash":0,"prefabPathHash":0,"prefabRemotePathHash":0,"quality":0,"sideIconName":"","skinId":202900},"202901":{"animatorConfigPathHash":6894630599703930000,"BIDJFACEAHJ":false,"CDNBAHDCNJK":6652860410999361000,"characterId":10000029,"controllerPathHash":1552326239233510700,"controllerRemotePathHash":5630855241666821000,"descTextMapHash":1807518842,"EEADAJBBLPI":12132806731708700000,"frontIconName":"UI_AvatarIcon_KleeCostumeWitch","GEDCGFHBLGM":false,"GLAJOCMNOJF":18106315886010479000,"hide":false,"IJKCBNBGLDO":false,"imageNameHash":16796031080227060000,"indexID":1,"isDefault":false,"itemId":340012,"jsonName":"Avatar_Loli_Catalyst_KleeCostumeWitch","nameTextMapHash":2343491290,"prefabManekinPathHash":860060720579263700,"prefabNpcPathHash":13685423552966791000,"prefabPathHash":14487796459102730000,"prefabRemotePathHash":13958116777399183000,"quality":4,"sideIconName":"UI_AvatarIcon_Side_KleeCostumeWitch","skinId":202901}},"10000030":{"203000":{"animatorConfigPathHash":0,"BIDJFACEAHJ":false,"CDNBAHDCNJK":0,"characterId":10000030,"controllerPathHash":0,"controllerRemotePathHash":0,"descTextMapHash":2640185922,"EEADAJBBLPI":0,"frontIconName":"","GEDCGFHBLGM":false,"GLAJOCMNOJF":0,"hide":false,"IJKCBNBGLDO":false,"imageNameHash":0,"indexID":0,"isDefault":true,"itemId":0,"jsonName":"","nameTextMapHash":41327378,"prefabManekinPathHash":0,"prefabNpcPathHash":0,"prefabPathHash":0,"prefabRemotePathHash":0,"quality":0,"sideIconName":"","skinId":203000}},"10000031":{"203100":{"animatorConfigPathHash":0,"BIDJFACEAHJ":false,"CDNBAHDCNJK":0,"characterId":10000031,"controllerPathHash":0,"controllerRemotePathHash":0,"descTextMapHash":4134576130,"EEADAJBBLPI":0,"frontIconName":"","GEDCGFHBLGM":false,"GLAJOCMNOJF":0,"hide":false,"IJKCBNBGLDO":false,"imageNameHash":0,"indexID":0,"isDefault":true,"itemId":0,"jsonName":"","nameTextMapHash":2969091354,"prefabManekinPathHash":0,"prefabNpcPathHash":0,"prefabPathHash":0,"prefabRemotePathHash":0,"quality":0,"sideIconName":"","skinId":203100},"203101":{"animatorConfigPathHash":16874910532900252000,"BIDJFACEAHJ":false,"CDNBAHDCNJK":6775543031666606000,"characterId":10000031,"controllerPathHash":9561591276388174000,"controllerRemotePathHash":7514891772841965000,"descTextMapHash":2089933442,"EEADAJBBLPI":7155439830413171000,"frontIconName":"UI_AvatarIcon_FischlCostumeHighness","GEDCGFHBLGM":false,"GLAJOCMNOJF":13082938567402992000,"hide":false,"IJKCBNBGLDO":false,"imageNameHash":16903652226668882000,"indexID":1,"isDefault":false,"itemId":340005,"jsonName":"Avatar_Girl_Bow_FischlCostumeHighness","nameTextMapHash":3162794298,"prefabManekinPathHash":1849563772142813400,"prefabNpcPathHash":16733412713662534000,"prefabPathHash":13534430752549235000,"prefabRemotePathHash":1058632974177999900,"quality":4,"sideIconName":"UI_AvatarIcon_Side_FischlCostumeHighness","skinId":203101}},"10000032":{"203200":{"animatorConfigPathHash":0,"BIDJFACEAHJ":false,"CDNBAHDCNJK":0,"characterId":10000032,"controllerPathHash":0,"controllerRemotePathHash":0,"descTextMapHash":3111188850,"EEADAJBBLPI":0,"frontIconName":"","GEDCGFHBLGM":false,"GLAJOCMNOJF":0,"hide":false,"IJKCBNBGLDO":false,"imageNameHash":0,"indexID":0,"isDefault":true,"itemId":0,"jsonName":"","nameTextMapHash":2359403186,"prefabManekinPathHash":0,"prefabNpcPathHash":0,"prefabPathHash":0,"prefabRemotePathHash":0,"quality":0,"sideIconName":"","skinId":203200},"203201":{"animatorConfigPathHash":13575765080626878000,"BIDJFACEAHJ":false,"CDNBAHDCNJK":4441362384177750000,"characterId":10000032,"controllerPathHash":11874217203150033000,"controllerRemotePathHash":9267231917530345000,"descTextMapHash":3786382554,"EEADAJBBLPI":17546010102485088000,"frontIconName":"UI_AvatarIcon_BennettCostumeSummer","GEDCGFHBLGM":false,"GLAJOCMNOJF":10724603813308600000,"hide":false,"IJKCBNBGLDO":false,"imageNameHash":16320976083254061000,"indexID":1,"isDefault":false,"itemId":340022,"jsonName":"Avatar_Boy_Sword_BennettCostumeSummer","nameTextMapHash":940723026,"prefabManekinPathHash":1008673611611677600,"prefabNpcPathHash":5922074496095072000,"prefabPathHash":12431726503383728000,"prefabRemotePathHash":13166911648540463000,"quality":4,"sideIconName":"UI_AvatarIcon_Side_BennettCostumeSummer","skinId":203201}},"10000033":{"203300":{"animatorConfigPathHash":0,"BIDJFACEAHJ":false,"CDNBAHDCNJK":0,"characterId":10000033,"controllerPathHash":0,"controllerRemotePathHash":0,"descTextMapHash":1165773426,"EEADAJBBLPI":0,"frontIconName":"","GEDCGFHBLGM":false,"GLAJOCMNOJF":0,"hide":false,"IJKCBNBGLDO":false,"imageNameHash":0,"indexID":0,"isDefault":true,"itemId":0,"jsonName":"","nameTextMapHash":369350914,"prefabManekinPathHash":0,"prefabNpcPathHash":0,"prefabPathHash":0,"prefabRemotePathHash":0,"quality":0,"sideIconName":"","skinId":203300}},"10000034":{"203400":{"animatorConfigPathHash":0,"BIDJFACEAHJ":false,"CDNBAHDCNJK":0,"characterId":10000034,"controllerPathHash":0,"controllerRemotePathHash":0,"descTextMapHash":102807738,"EEADAJBBLPI":0,"frontIconName":"","GEDCGFHBLGM":false,"GLAJOCMNOJF":0,"hide":false,"IJKCBNBGLDO":false,"imageNameHash":0,"indexID":0,"isDefault":true,"itemId":0,"jsonName":"","nameTextMapHash":1660794338,"prefabManekinPathHash":0,"prefabNpcPathHash":0,"prefabPathHash":0,"prefabRemotePathHash":0,"quality":0,"sideIconName":"","skinId":203400}},"10000035":{"203500":{"animatorConfigPathHash":0,"BIDJFACEAHJ":false,"CDNBAHDCNJK":0,"characterId":10000035,"controllerPathHash":0,"controllerRemotePathHash":0,"descTextMapHash":4056261530,"EEADAJBBLPI":0,"frontIconName":"","GEDCGFHBLGM":false,"GLAJOCMNOJF":0,"hide":false,"IJKCBNBGLDO":false,"imageNameHash":0,"indexID":0,"isDefault":true,"itemId":0,"jsonName":"","nameTextMapHash":2620016810,"prefabManekinPathHash":0,"prefabNpcPathHash":0,"prefabPathHash":0,"prefabRemotePathHash":0,"quality":0,"sideIconName":"","skinId":203500}},"10000036":{"203600":{"animatorConfigPathHash":0,"BIDJFACEAHJ":false,"CDNBAHDCNJK":0,"characterId":10000036,"controllerPathHash":0,"controllerRemotePathHash":0,"descTextMapHash":3971237746,"EEADAJBBLPI":0,"frontIconName":"","GEDCGFHBLGM":false,"GLAJOCMNOJF":0,"hide":false,"IJKCBNBGLDO":false,"imageNameHash":0,"indexID":0,"isDefault":true,"itemId":0,"jsonName":"","nameTextMapHash":1142485354,"prefabManekinPathHash":0,"prefabNpcPathHash":0,"prefabPathHash":0,"prefabRemotePathHash":0,"quality":0,"sideIconName":"","skinId":203600}},"10000037":{"203700":{"animatorConfigPathHash":0,"BIDJFACEAHJ":false,"CDNBAHDCNJK":0,"characterId":10000037,"controllerPathHash":0,"controllerRemotePathHash":0,"descTextMapHash":1209631242,"EEADAJBBLPI":0,"frontIconName":"","GEDCGFHBLGM":false,"GLAJOCMNOJF":0,"hide":false,"IJKCBNBGLDO":false,"imageNameHash":0,"indexID":0,"isDefault":true,"itemId":0,"jsonName":"","nameTextMapHash":4131676042,"prefabManekinPathHash":0,"prefabNpcPathHash":0,"prefabPathHash":0,"prefabRemotePathHash":0,"quality":0,"sideIconName":"","skinId":203700},"203701":{"animatorConfigPathHash":10325762936017633000,"BIDJFACEAHJ":false,"CDNBAHDCNJK":12545856595676686000,"characterId":10000037,"controllerPathHash":17301494551858321000,"controllerRemotePathHash":13724098110668937000,"descTextMapHash":2352085090,"EEADAJBBLPI":3881822365041315300,"frontIconName":"UI_AvatarIcon_GanyuCostumeYu","GEDCGFHBLGM":false,"GLAJOCMNOJF":16081736837206258000,"hide":false,"IJKCBNBGLDO":false,"imageNameHash":4484569006207970000,"indexID":1,"isDefault":false,"itemId":340015,"jsonName":"Avatar_Girl_Bow_GanyuCostumeYu","nameTextMapHash":1442607890,"prefabManekinPathHash":109831431656997900,"prefabNpcPathHash":17066423753093830000,"prefabPathHash":7498173519010298000,"prefabRemotePathHash":13647647765974420000,"quality":4,"sideIconName":"UI_AvatarIcon_Side_GanyuCostumeYu","skinId":203701}},"10000038":{"203800":{"animatorConfigPathHash":0,"BIDJFACEAHJ":false,"CDNBAHDCNJK":0,"characterId":10000038,"controllerPathHash":0,"controllerRemotePathHash":0,"descTextMapHash":310650770,"EEADAJBBLPI":0,"frontIconName":"","GEDCGFHBLGM":false,"GLAJOCMNOJF":0,"hide":false,"IJKCBNBGLDO":false,"imageNameHash":0,"indexID":0,"isDefault":true,"itemId":0,"jsonName":"","nameTextMapHash":3397577098,"prefabManekinPathHash":0,"prefabNpcPathHash":0,"prefabPathHash":0,"prefabRemotePathHash":0,"quality":0,"sideIconName":"","skinId":203800}},"10000039":{"203900":{"animatorConfigPathHash":0,"BIDJFACEAHJ":false,"CDNBAHDCNJK":0,"characterId":10000039,"controllerPathHash":0,"controllerRemotePathHash":0,"descTextMapHash":670221618,"EEADAJBBLPI":0,"frontIconName":"","GEDCGFHBLGM":false,"GLAJOCMNOJF":0,"hide":false,"IJKCBNBGLDO":false,"imageNameHash":0,"indexID":0,"isDefault":true,"itemId":0,"jsonName":"","nameTextMapHash":2364432618,"prefabManekinPathHash":0,"prefabNpcPathHash":0,"prefabPathHash":0,"prefabRemotePathHash":0,"quality":0,"sideIconName":"","skinId":203900}},"10000041":{"204100":{"animatorConfigPathHash":0,"BIDJFACEAHJ":false,"CDNBAHDCNJK":0,"characterId":10000041,"controllerPathHash":0,"controllerRemotePathHash":0,"descTextMapHash":871545986,"EEADAJBBLPI":0,"frontIconName":"","GEDCGFHBLGM":false,"GLAJOCMNOJF":0,"hide":false,"IJKCBNBGLDO":true,"imageNameHash":0,"indexID":0,"isDefault":true,"itemId":0,"jsonName":"","nameTextMapHash":4029369362,"prefabManekinPathHash":0,"prefabNpcPathHash":0,"prefabPathHash":0,"prefabRemotePathHash":0,"quality":0,"sideIconName":"","skinId":204100},"204101":{"animatorConfigPathHash":0,"BIDJFACEAHJ":true,"CDNBAHDCNJK":0,"characterId":10000041,"controllerPathHash":0,"controllerRemotePathHash":0,"descTextMapHash":2912743770,"EEADAJBBLPI":0,"frontIconName":"UI_AvatarIcon_MonaCostumeWic","GEDCGFHBLGM":false,"GLAJOCMNOJF":8177863288410569000,"hide":true,"IJKCBNBGLDO":false,"imageNameHash":5743696895040121000,"indexID":1,"isDefault":false,"itemId":340008,"jsonName":"Avatar_Girl_Catalyst_MonaCostumeWic","nameTextMapHash":1860400666,"prefabManekinPathHash":5022057012086514000,"prefabNpcPathHash":1127931153574195200,"prefabPathHash":15379405067054348000,"prefabRemotePathHash":16287308438257703000,"quality":4,"sideIconName":"UI_AvatarIcon_Side_MonaCostumeWic","skinId":204101}},"10000042":{"204200":{"animatorConfigPathHash":0,"BIDJFACEAHJ":false,"CDNBAHDCNJK":0,"characterId":10000042,"controllerPathHash":0,"controllerRemotePathHash":0,"descTextMapHash":1992333442,"EEADAJBBLPI":0,"frontIconName":"","GEDCGFHBLGM":false,"GLAJOCMNOJF":0,"hide":false,"IJKCBNBGLDO":false,"imageNameHash":0,"indexID":0,"isDefault":true,"itemId":0,"jsonName":"","nameTextMapHash":3714413314,"prefabManekinPathHash":0,"prefabNpcPathHash":0,"prefabPathHash":0,"prefabRemotePathHash":0,"quality":0,"sideIconName":"","skinId":204200},"204201":{"animatorConfigPathHash":0,"BIDJFACEAHJ":false,"CDNBAHDCNJK":0,"characterId":10000042,"controllerPathHash":0,"controllerRemotePathHash":0,"descTextMapHash":1532026282,"EEADAJBBLPI":0,"frontIconName":"UI_AvatarIcon_KeqingCostumeFeather","GEDCGFHBLGM":false,"GLAJOCMNOJF":105176600920367870,"hide":false,"IJKCBNBGLDO":false,"imageNameHash":8264683658462126000,"indexID":1,"isDefault":false,"itemId":340003,"jsonName":"Avatar_Girl_Sword_KeqingCostumeFeather","nameTextMapHash":1613857666,"prefabManekinPathHash":11708378725870790000,"prefabNpcPathHash":12660355485795350000,"prefabPathHash":10364379182659254000,"prefabRemotePathHash":6372458023003575000,"quality":4,"sideIconName":"UI_AvatarIcon_Side_KeqingCostumeFeather","skinId":204201}},"10000043":{"204300":{"animatorConfigPathHash":0,"BIDJFACEAHJ":false,"CDNBAHDCNJK":0,"characterId":10000043,"controllerPathHash":0,"controllerRemotePathHash":0,"descTextMapHash":4118239546,"EEADAJBBLPI":0,"frontIconName":"","GEDCGFHBLGM":false,"GLAJOCMNOJF":0,"hide":false,"IJKCBNBGLDO":false,"imageNameHash":0,"indexID":0,"isDefault":true,"itemId":0,"jsonName":"","nameTextMapHash":3529210914,"prefabManekinPathHash":0,"prefabNpcPathHash":0,"prefabPathHash":0,"prefabRemotePathHash":0,"quality":0,"sideIconName":"","skinId":204300}},"10000044":{"204400":{"animatorConfigPathHash":0,"BIDJFACEAHJ":false,"CDNBAHDCNJK":0,"characterId":10000044,"controllerPathHash":0,"controllerRemotePathHash":0,"descTextMapHash":678376738,"EEADAJBBLPI":0,"frontIconName":"","GEDCGFHBLGM":false,"GLAJOCMNOJF":0,"hide":false,"IJKCBNBGLDO":false,"imageNameHash":0,"indexID":0,"isDefault":true,"itemId":0,"jsonName":"","nameTextMapHash":2768155290,"prefabManekinPathHash":0,"prefabNpcPathHash":0,"prefabPathHash":0,"prefabRemotePathHash":0,"quality":0,"sideIconName":"","skinId":204400}},"10000045":{"204500":{"animatorConfigPathHash":0,"BIDJFACEAHJ":false,"CDNBAHDCNJK":0,"characterId":10000045,"controllerPathHash":0,"controllerRemotePathHash":0,"descTextMapHash":4067539010,"EEADAJBBLPI":0,"frontIconName":"","GEDCGFHBLGM":false,"GLAJOCMNOJF":0,"hide":false,"IJKCBNBGLDO":true,"imageNameHash":0,"indexID":0,"isDefault":true,"itemId":0,"jsonName":"","nameTextMapHash":772899890,"prefabManekinPathHash":0,"prefabNpcPathHash":0,"prefabPathHash":0,"prefabRemotePathHash":0,"quality":0,"sideIconName":"","skinId":204500},"204501":{"animatorConfigPathHash":0,"BIDJFACEAHJ":true,"CDNBAHDCNJK":0,"characterId":10000045,"controllerPathHash":0,"controllerRemotePathHash":0,"descTextMapHash":3143995322,"EEADAJBBLPI":0,"frontIconName":"UI_AvatarIcon_RosariaCostumeWic","GEDCGFHBLGM":false,"GLAJOCMNOJF":18354298522384930000,"hide":true,"IJKCBNBGLDO":false,"imageNameHash":2832692351080435000,"indexID":1,"isDefault":false,"itemId":340009,"jsonName":"Avatar_Lady_Pole_RosariaCostumeWic","nameTextMapHash":2412226586,"prefabManekinPathHash":12267662344150393000,"prefabNpcPathHash":9648000434294862000,"prefabPathHash":12861565697458264000,"prefabRemotePathHash":10539667758355399000,"quality":4,"sideIconName":"UI_AvatarIcon_Side_RosariaCostumeWic","skinId":204501}},"10000046":{"204600":{"animatorConfigPathHash":0,"BIDJFACEAHJ":false,"CDNBAHDCNJK":0,"characterId":10000046,"controllerPathHash":0,"controllerRemotePathHash":0,"descTextMapHash":1186495122,"EEADAJBBLPI":0,"frontIconName":"","GEDCGFHBLGM":false,"GLAJOCMNOJF":0,"hide":false,"IJKCBNBGLDO":false,"imageNameHash":0,"indexID":0,"isDefault":true,"itemId":0,"jsonName":"","nameTextMapHash":626284674,"prefabManekinPathHash":0,"prefabNpcPathHash":0,"prefabPathHash":0,"prefabRemotePathHash":0,"quality":0,"sideIconName":"","skinId":204600},"204601":{"animatorConfigPathHash":16241742938618118000,"BIDJFACEAHJ":false,"CDNBAHDCNJK":18383213453749969000,"characterId":10000046,"controllerPathHash":1303295852024473300,"controllerRemotePathHash":11006397941994914000,"descTextMapHash":2668601314,"EEADAJBBLPI":15791559107331684000,"frontIconName":"UI_AvatarIcon_HutaoCostumeWinter","GEDCGFHBLGM":false,"GLAJOCMNOJF":11233137367517288000,"hide":false,"IJKCBNBGLDO":false,"imageNameHash":6092629661285393000,"indexID":1,"isDefault":false,"itemId":340019,"jsonName":"Avatar_Girl_Pole_HutaoCostumeWinter","nameTextMapHash":4049779162,"prefabManekinPathHash":15356684152533869000,"prefabNpcPathHash":2559170119330606600,"prefabPathHash":7903959060443312000,"prefabRemotePathHash":9397532461476297000,"quality":4,"sideIconName":"UI_AvatarIcon_Side_HutaoCostumeWinter","skinId":204601}},"10000047":{"204700":{"animatorConfigPathHash":0,"BIDJFACEAHJ":false,"CDNBAHDCNJK":0,"characterId":10000047,"controllerPathHash":0,"controllerRemotePathHash":0,"descTextMapHash":973274738,"EEADAJBBLPI":0,"frontIconName":"","GEDCGFHBLGM":false,"GLAJOCMNOJF":0,"hide":false,"IJKCBNBGLDO":false,"imageNameHash":0,"indexID":0,"isDefault":true,"itemId":0,"jsonName":"","nameTextMapHash":3355624658,"prefabManekinPathHash":0,"prefabNpcPathHash":0,"prefabPathHash":0,"prefabRemotePathHash":0,"quality":0,"sideIconName":"","skinId":204700}},"10000048":{"204800":{"animatorConfigPathHash":0,"BIDJFACEAHJ":false,"CDNBAHDCNJK":0,"characterId":10000048,"controllerPathHash":0,"controllerRemotePathHash":0,"descTextMapHash":3070176786,"EEADAJBBLPI":0,"frontIconName":"","GEDCGFHBLGM":false,"GLAJOCMNOJF":0,"hide":false,"IJKCBNBGLDO":false,"imageNameHash":0,"indexID":0,"isDefault":true,"itemId":0,"jsonName":"","nameTextMapHash":258962178,"prefabManekinPathHash":0,"prefabNpcPathHash":0,"prefabPathHash":0,"prefabRemotePathHash":0,"quality":0,"sideIconName":"","skinId":204800}},"10000049":{"204900":{"animatorConfigPathHash":0,"BIDJFACEAHJ":false,"CDNBAHDCNJK":0,"characterId":10000049,"controllerPathHash":0,"controllerRemotePathHash":0,"descTextMapHash":984351202,"EEADAJBBLPI":0,"frontIconName":"","GEDCGFHBLGM":false,"GLAJOCMNOJF":0,"hide":false,"IJKCBNBGLDO":false,"imageNameHash":0,"indexID":0,"isDefault":true,"itemId":0,"jsonName":"","nameTextMapHash":2353136394,"prefabManekinPathHash":0,"prefabNpcPathHash":0,"prefabPathHash":0,"prefabRemotePathHash":0,"quality":0,"sideIconName":"","skinId":204900}},"10000050":{"205000":{"animatorConfigPathHash":0,"BIDJFACEAHJ":false,"CDNBAHDCNJK":0,"characterId":10000050,"controllerPathHash":0,"controllerRemotePathHash":0,"descTextMapHash":1458439730,"EEADAJBBLPI":0,"frontIconName":"","GEDCGFHBLGM":false,"GLAJOCMNOJF":0,"hide":false,"IJKCBNBGLDO":false,"imageNameHash":0,"indexID":0,"isDefault":true,"itemId":0,"jsonName":"","nameTextMapHash":2040879098,"prefabManekinPathHash":0,"prefabNpcPathHash":0,"prefabPathHash":0,"prefabRemotePathHash":0,"quality":0,"sideIconName":"","skinId":205000}},"10000051":{"205100":{"animatorConfigPathHash":0,"BIDJFACEAHJ":false,"CDNBAHDCNJK":0,"characterId":10000051,"controllerPathHash":0,"controllerRemotePathHash":0,"descTextMapHash":1419139450,"EEADAJBBLPI":0,"frontIconName":"","GEDCGFHBLGM":false,"GLAJOCMNOJF":0,"hide":false,"IJKCBNBGLDO":false,"imageNameHash":0,"indexID":0,"isDefault":true,"itemId":0,"jsonName":"","nameTextMapHash":301314714,"prefabManekinPathHash":0,"prefabNpcPathHash":0,"prefabPathHash":0,"prefabRemotePathHash":0,"quality":0,"sideIconName":"","skinId":205100}},"10000052":{"205200":{"animatorConfigPathHash":0,"BIDJFACEAHJ":false,"CDNBAHDCNJK":0,"characterId":10000052,"controllerPathHash":0,"controllerRemotePathHash":0,"descTextMapHash":3412149506,"EEADAJBBLPI":0,"frontIconName":"","GEDCGFHBLGM":false,"GLAJOCMNOJF":0,"hide":false,"IJKCBNBGLDO":false,"imageNameHash":0,"indexID":0,"isDefault":true,"itemId":0,"jsonName":"","nameTextMapHash":2377779762,"prefabManekinPathHash":0,"prefabNpcPathHash":0,"prefabPathHash":0,"prefabRemotePathHash":0,"quality":0,"sideIconName":"","skinId":205200}},"10000053":{"205300":{"animatorConfigPathHash":0,"BIDJFACEAHJ":false,"CDNBAHDCNJK":0,"characterId":10000053,"controllerPathHash":0,"controllerRemotePathHash":0,"descTextMapHash":2144597778,"EEADAJBBLPI":0,"frontIconName":"","GEDCGFHBLGM":false,"GLAJOCMNOJF":0,"hide":false,"IJKCBNBGLDO":false,"imageNameHash":0,"indexID":0,"isDefault":true,"itemId":0,"jsonName":"","nameTextMapHash":4048306346,"prefabManekinPathHash":0,"prefabNpcPathHash":0,"prefabPathHash":0,"prefabRemotePathHash":0,"quality":0,"sideIconName":"","skinId":205300}},"10000054":{"205400":{"animatorConfigPathHash":0,"BIDJFACEAHJ":false,"CDNBAHDCNJK":0,"characterId":10000054,"controllerPathHash":0,"controllerRemotePathHash":0,"descTextMapHash":3173668642,"EEADAJBBLPI":0,"frontIconName":"","GEDCGFHBLGM":false,"GLAJOCMNOJF":0,"hide":false,"IJKCBNBGLDO":false,"imageNameHash":0,"indexID":0,"isDefault":true,"itemId":0,"jsonName":"","nameTextMapHash":2786415650,"prefabManekinPathHash":0,"prefabNpcPathHash":0,"prefabPathHash":0,"prefabRemotePathHash":0,"quality":0,"sideIconName":"","skinId":205400}},"10000055":{"205500":{"animatorConfigPathHash":0,"BIDJFACEAHJ":false,"CDNBAHDCNJK":0,"characterId":10000055,"controllerPathHash":0,"controllerRemotePathHash":0,"descTextMapHash":990939858,"EEADAJBBLPI":0,"frontIconName":"","GEDCGFHBLGM":false,"GLAJOCMNOJF":0,"hide":false,"IJKCBNBGLDO":false,"imageNameHash":0,"indexID":0,"isDefault":true,"itemId":0,"jsonName":"","nameTextMapHash":3561880386,"prefabManekinPathHash":0,"prefabNpcPathHash":0,"prefabPathHash":0,"prefabRemotePathHash":0,"quality":0,"sideIconName":"","skinId":205500}},"10000056":{"205600":{"animatorConfigPathHash":0,"BIDJFACEAHJ":false,"CDNBAHDCNJK":0,"characterId":10000056,"controllerPathHash":0,"controllerRemotePathHash":0,"descTextMapHash":1024066610,"EEADAJBBLPI":0,"frontIconName":"","GEDCGFHBLGM":false,"GLAJOCMNOJF":0,"hide":false,"IJKCBNBGLDO":false,"imageNameHash":0,"indexID":0,"isDefault":true,"itemId":0,"jsonName":"","nameTextMapHash":382710810,"prefabManekinPathHash":0,"prefabNpcPathHash":0,"prefabPathHash":0,"prefabRemotePathHash":0,"quality":0,"sideIconName":"","skinId":205600}},"10000057":{"205700":{"animatorConfigPathHash":0,"BIDJFACEAHJ":false,"CDNBAHDCNJK":0,"characterId":10000057,"controllerPathHash":0,"controllerRemotePathHash":0,"descTextMapHash":4146650074,"EEADAJBBLPI":0,"frontIconName":"","GEDCGFHBLGM":false,"GLAJOCMNOJF":0,"hide":false,"IJKCBNBGLDO":false,"imageNameHash":0,"indexID":0,"isDefault":true,"itemId":0,"jsonName":"","nameTextMapHash":2006093914,"prefabManekinPathHash":0,"prefabNpcPathHash":0,"prefabPathHash":0,"prefabRemotePathHash":0,"quality":0,"sideIconName":"","skinId":205700}},"10000058":{"205800":{"animatorConfigPathHash":0,"BIDJFACEAHJ":false,"CDNBAHDCNJK":0,"characterId":10000058,"controllerPathHash":0,"controllerRemotePathHash":0,"descTextMapHash":3314678434,"EEADAJBBLPI":0,"frontIconName":"","GEDCGFHBLGM":false,"GLAJOCMNOJF":0,"hide":false,"IJKCBNBGLDO":false,"imageNameHash":0,"indexID":0,"isDefault":true,"itemId":0,"jsonName":"","nameTextMapHash":1295363218,"prefabManekinPathHash":0,"prefabNpcPathHash":0,"prefabPathHash":0,"prefabRemotePathHash":0,"quality":0,"sideIconName":"","skinId":205800}},"10000059":{"205900":{"animatorConfigPathHash":0,"BIDJFACEAHJ":false,"CDNBAHDCNJK":0,"characterId":10000059,"controllerPathHash":0,"controllerRemotePathHash":0,"descTextMapHash":3182680786,"EEADAJBBLPI":0,"frontIconName":"","GEDCGFHBLGM":false,"GLAJOCMNOJF":0,"hide":false,"IJKCBNBGLDO":false,"imageNameHash":0,"indexID":0,"isDefault":true,"itemId":0,"jsonName":"","nameTextMapHash":4029103562,"prefabManekinPathHash":0,"prefabNpcPathHash":0,"prefabPathHash":0,"prefabRemotePathHash":0,"quality":0,"sideIconName":"","skinId":205900}},"10000060":{"206000":{"animatorConfigPathHash":0,"BIDJFACEAHJ":false,"CDNBAHDCNJK":0,"characterId":10000060,"controllerPathHash":0,"controllerRemotePathHash":0,"descTextMapHash":3407589218,"EEADAJBBLPI":0,"frontIconName":"","GEDCGFHBLGM":false,"GLAJOCMNOJF":0,"hide":false,"IJKCBNBGLDO":false,"imageNameHash":0,"indexID":0,"isDefault":true,"itemId":0,"jsonName":"","nameTextMapHash":2196179842,"prefabManekinPathHash":0,"prefabNpcPathHash":0,"prefabPathHash":0,"prefabRemotePathHash":0,"quality":0,"sideIconName":"","skinId":206000},"206001":{"animatorConfigPathHash":1940023158459121400,"BIDJFACEAHJ":false,"CDNBAHDCNJK":8139866523268740000,"characterId":10000060,"controllerPathHash":13773371909267649000,"controllerRemotePathHash":11933587260048255000,"descTextMapHash":3506712458,"EEADAJBBLPI":3143836570916095500,"frontIconName":"UI_AvatarIcon_YelanCostumeSummer","GEDCGFHBLGM":false,"GLAJOCMNOJF":67813976286269816,"hide":false,"IJKCBNBGLDO":false,"imageNameHash":14501103530859905000,"indexID":1,"isDefault":false,"itemId":340021,"jsonName":"Avatar_Lady_Bow_YelanCostumeSummer","nameTextMapHash":2911925882,"prefabManekinPathHash":17328048649646598000,"prefabNpcPathHash":16318069742945946000,"prefabPathHash":14169846912324119000,"prefabRemotePathHash":17724820997256727000,"quality":4,"sideIconName":"UI_AvatarIcon_Side_YelanCostumeSummer","skinId":206001}},"10000061":{"206100":{"animatorConfigPathHash":0,"BIDJFACEAHJ":false,"CDNBAHDCNJK":0,"characterId":10000061,"controllerPathHash":0,"controllerRemotePathHash":0,"descTextMapHash":1963076906,"EEADAJBBLPI":0,"frontIconName":"","GEDCGFHBLGM":false,"GLAJOCMNOJF":0,"hide":false,"IJKCBNBGLDO":false,"imageNameHash":0,"indexID":0,"isDefault":true,"itemId":0,"jsonName":"","nameTextMapHash":2136989794,"prefabManekinPathHash":0,"prefabNpcPathHash":0,"prefabPathHash":0,"prefabRemotePathHash":0,"quality":0,"sideIconName":"","skinId":206100},"206101":{"animatorConfigPathHash":0,"BIDJFACEAHJ":false,"CDNBAHDCNJK":0,"characterId":10000061,"controllerPathHash":0,"controllerRemotePathHash":0,"descTextMapHash":3436513386,"EEADAJBBLPI":0,"frontIconName":"UI_AvatarIcon_MomokaCostumeErrantry","GEDCGFHBLGM":false,"GLAJOCMNOJF":16205836061132214000,"hide":false,"IJKCBNBGLDO":false,"imageNameHash":15052980039107756000,"indexID":1,"isDefault":false,"itemId":340018,"jsonName":"Avatar_Girl_Sword_MomokaCostumeErrantry","nameTextMapHash":443620306,"prefabManekinPathHash":4036157729036988400,"prefabNpcPathHash":825434180871539000,"prefabPathHash":16777255381001413000,"prefabRemotePathHash":16431064003003773000,"quality":4,"sideIconName":"UI_AvatarIcon_Side_MomokaCostumeErrantry","skinId":206101}},"10000062":{"206200":{"animatorConfigPathHash":0,"BIDJFACEAHJ":false,"CDNBAHDCNJK":0,"characterId":10000062,"controllerPathHash":0,"controllerRemotePathHash":0,"descTextMapHash":271842858,"EEADAJBBLPI":0,"frontIconName":"","GEDCGFHBLGM":false,"GLAJOCMNOJF":0,"hide":false,"IJKCBNBGLDO":false,"imageNameHash":0,"indexID":0,"isDefault":true,"itemId":0,"jsonName":"","nameTextMapHash":3429415730,"prefabManekinPathHash":0,"prefabNpcPathHash":0,"prefabPathHash":0,"prefabRemotePathHash":0,"quality":0,"sideIconName":"","skinId":206200}},"10000063":{"206300":{"animatorConfigPathHash":0,"BIDJFACEAHJ":false,"CDNBAHDCNJK":0,"characterId":10000063,"controllerPathHash":0,"controllerRemotePathHash":0,"descTextMapHash":3625334322,"EEADAJBBLPI":0,"frontIconName":"","GEDCGFHBLGM":false,"GLAJOCMNOJF":0,"hide":false,"IJKCBNBGLDO":false,"imageNameHash":0,"indexID":0,"isDefault":true,"itemId":0,"jsonName":"","nameTextMapHash":3671207274,"prefabManekinPathHash":0,"prefabNpcPathHash":0,"prefabPathHash":0,"prefabRemotePathHash":0,"quality":0,"sideIconName":"","skinId":206300},"206301":{"animatorConfigPathHash":8439775389633858000,"BIDJFACEAHJ":false,"CDNBAHDCNJK":1016401806529336300,"characterId":10000063,"controllerPathHash":3927025238145279000,"controllerRemotePathHash":2079033779677266400,"descTextMapHash":4226591458,"EEADAJBBLPI":10267055638635928000,"frontIconName":"UI_AvatarIcon_ShenheCostumeDai","GEDCGFHBLGM":false,"GLAJOCMNOJF":17372441489796878000,"hide":false,"IJKCBNBGLDO":false,"imageNameHash":13551163907161750000,"indexID":1,"isDefault":false,"itemId":340014,"jsonName":"Avatar_Lady_Pole_ShenheCostumeDai","nameTextMapHash":945735386,"prefabManekinPathHash":15748877212258277000,"prefabNpcPathHash":1019362221600152300,"prefabPathHash":6614232366381787000,"prefabRemotePathHash":12983630808894763000,"quality":4,"sideIconName":"UI_AvatarIcon_Side_ShenheCostumeDai","skinId":206301}},"10000064":{"206400":{"animatorConfigPathHash":0,"BIDJFACEAHJ":false,"CDNBAHDCNJK":0,"characterId":10000064,"controllerPathHash":0,"controllerRemotePathHash":0,"descTextMapHash":1261799770,"EEADAJBBLPI":0,"frontIconName":"","GEDCGFHBLGM":false,"GLAJOCMNOJF":0,"hide":false,"IJKCBNBGLDO":false,"imageNameHash":0,"indexID":0,"isDefault":true,"itemId":0,"jsonName":"","nameTextMapHash":2433262890,"prefabManekinPathHash":0,"prefabNpcPathHash":0,"prefabPathHash":0,"prefabRemotePathHash":0,"quality":0,"sideIconName":"","skinId":206400}},"10000065":{"206500":{"animatorConfigPathHash":0,"BIDJFACEAHJ":false,"CDNBAHDCNJK":0,"characterId":10000065,"controllerPathHash":0,"controllerRemotePathHash":0,"descTextMapHash":3036913898,"EEADAJBBLPI":0,"frontIconName":"","GEDCGFHBLGM":false,"GLAJOCMNOJF":0,"hide":false,"IJKCBNBGLDO":false,"imageNameHash":0,"indexID":0,"isDefault":true,"itemId":0,"jsonName":"","nameTextMapHash":3245276834,"prefabManekinPathHash":0,"prefabNpcPathHash":0,"prefabPathHash":0,"prefabRemotePathHash":0,"quality":0,"sideIconName":"","skinId":206500}},"10000066":{"206600":{"animatorConfigPathHash":0,"BIDJFACEAHJ":false,"CDNBAHDCNJK":0,"characterId":10000066,"controllerPathHash":0,"controllerRemotePathHash":0,"descTextMapHash":3093997674,"EEADAJBBLPI":0,"frontIconName":"","GEDCGFHBLGM":false,"GLAJOCMNOJF":0,"hide":false,"IJKCBNBGLDO":false,"imageNameHash":0,"indexID":0,"isDefault":true,"itemId":0,"jsonName":"","nameTextMapHash":3109032026,"prefabManekinPathHash":0,"prefabNpcPathHash":0,"prefabPathHash":0,"prefabRemotePathHash":0,"quality":0,"sideIconName":"","skinId":206600}},"10000067":{"206700":{"animatorConfigPathHash":0,"BIDJFACEAHJ":false,"CDNBAHDCNJK":0,"characterId":10000067,"controllerPathHash":0,"controllerRemotePathHash":0,"descTextMapHash":2308150714,"EEADAJBBLPI":0,"frontIconName":"","GEDCGFHBLGM":false,"GLAJOCMNOJF":0,"hide":false,"IJKCBNBGLDO":false,"imageNameHash":0,"indexID":0,"isDefault":true,"itemId":0,"jsonName":"","nameTextMapHash":3135223450,"prefabManekinPathHash":0,"prefabNpcPathHash":0,"prefabPathHash":0,"prefabRemotePathHash":0,"quality":0,"sideIconName":"","skinId":206700}},"10000068":{"206800":{"animatorConfigPathHash":0,"BIDJFACEAHJ":false,"CDNBAHDCNJK":0,"characterId":10000068,"controllerPathHash":0,"controllerRemotePathHash":0,"descTextMapHash":1616648506,"EEADAJBBLPI":0,"frontIconName":"","GEDCGFHBLGM":false,"GLAJOCMNOJF":0,"hide":false,"IJKCBNBGLDO":false,"imageNameHash":0,"indexID":0,"isDefault":true,"itemId":0,"jsonName":"","nameTextMapHash":3617396594,"prefabManekinPathHash":0,"prefabNpcPathHash":0,"prefabPathHash":0,"prefabRemotePathHash":0,"quality":0,"sideIconName":"","skinId":206800}},"10000069":{"206900":{"animatorConfigPathHash":0,"BIDJFACEAHJ":false,"CDNBAHDCNJK":0,"characterId":10000069,"controllerPathHash":0,"controllerRemotePathHash":0,"descTextMapHash":510932922,"EEADAJBBLPI":0,"frontIconName":"","GEDCGFHBLGM":false,"GLAJOCMNOJF":0,"hide":false,"IJKCBNBGLDO":false,"imageNameHash":0,"indexID":0,"isDefault":true,"itemId":0,"jsonName":"","nameTextMapHash":1106979266,"prefabManekinPathHash":0,"prefabNpcPathHash":0,"prefabPathHash":0,"prefabRemotePathHash":0,"quality":0,"sideIconName":"","skinId":206900}},"10000070":{"207000":{"animatorConfigPathHash":0,"BIDJFACEAHJ":false,"CDNBAHDCNJK":0,"characterId":10000070,"controllerPathHash":0,"controllerRemotePathHash":0,"descTextMapHash":1078022994,"EEADAJBBLPI":0,"frontIconName":"","GEDCGFHBLGM":false,"GLAJOCMNOJF":0,"hide":false,"IJKCBNBGLDO":false,"imageNameHash":0,"indexID":0,"isDefault":true,"itemId":0,"jsonName":"","nameTextMapHash":3647756106,"prefabManekinPathHash":0,"prefabNpcPathHash":0,"prefabPathHash":0,"prefabRemotePathHash":0,"quality":0,"sideIconName":"","skinId":207000},"207001":{"animatorConfigPathHash":8251373390362341000,"BIDJFACEAHJ":false,"CDNBAHDCNJK":13683135713588406000,"characterId":10000070,"controllerPathHash":400676577291690500,"controllerRemotePathHash":3511864109650284000,"descTextMapHash":491944378,"EEADAJBBLPI":12700779893789411000,"frontIconName":"UI_AvatarIcon_NilouCostumeFairy","GEDCGFHBLGM":false,"GLAJOCMNOJF":17779287142478619000,"hide":false,"IJKCBNBGLDO":false,"imageNameHash":13150361144103344000,"indexID":1,"isDefault":false,"itemId":340017,"jsonName":"Avatar_Girl_Sword_NilouCostumeFairy","nameTextMapHash":1436816482,"prefabManekinPathHash":11915563518559973000,"prefabNpcPathHash":3309731754659582000,"prefabPathHash":1722505538378271500,"prefabRemotePathHash":97694131069548980,"quality":4,"sideIconName":"UI_AvatarIcon_Side_NilouCostumeFairy","skinId":207001}},"10000071":{"207100":{"animatorConfigPathHash":0,"BIDJFACEAHJ":false,"CDNBAHDCNJK":0,"characterId":10000071,"controllerPathHash":0,"controllerRemotePathHash":0,"descTextMapHash":1864424082,"EEADAJBBLPI":0,"frontIconName":"","GEDCGFHBLGM":false,"GLAJOCMNOJF":0,"hide":false,"IJKCBNBGLDO":false,"imageNameHash":0,"indexID":0,"isDefault":true,"itemId":0,"jsonName":"","nameTextMapHash":3913661394,"prefabManekinPathHash":0,"prefabNpcPathHash":0,"prefabPathHash":0,"prefabRemotePathHash":0,"quality":0,"sideIconName":"","skinId":207100}},"10000072":{"207200":{"animatorConfigPathHash":0,"BIDJFACEAHJ":false,"CDNBAHDCNJK":0,"characterId":10000072,"controllerPathHash":0,"controllerRemotePathHash":0,"descTextMapHash":2067286834,"EEADAJBBLPI":0,"frontIconName":"","GEDCGFHBLGM":false,"GLAJOCMNOJF":0,"hide":false,"IJKCBNBGLDO":false,"imageNameHash":0,"indexID":0,"isDefault":true,"itemId":0,"jsonName":"","nameTextMapHash":2665843154,"prefabManekinPathHash":0,"prefabNpcPathHash":0,"prefabPathHash":0,"prefabRemotePathHash":0,"quality":0,"sideIconName":"","skinId":207200}},"10000073":{"207300":{"animatorConfigPathHash":0,"BIDJFACEAHJ":false,"CDNBAHDCNJK":0,"characterId":10000073,"controllerPathHash":0,"controllerRemotePathHash":0,"descTextMapHash":2151511386,"EEADAJBBLPI":0,"frontIconName":"","GEDCGFHBLGM":false,"GLAJOCMNOJF":0,"hide":false,"IJKCBNBGLDO":false,"imageNameHash":0,"indexID":0,"isDefault":true,"itemId":0,"jsonName":"","nameTextMapHash":2005565242,"prefabManekinPathHash":0,"prefabNpcPathHash":0,"prefabPathHash":0,"prefabRemotePathHash":0,"quality":0,"sideIconName":"","skinId":207300}},"10000074":{"207400":{"animatorConfigPathHash":0,"BIDJFACEAHJ":false,"CDNBAHDCNJK":0,"characterId":10000074,"controllerPathHash":0,"controllerRemotePathHash":0,"descTextMapHash":3853124810,"EEADAJBBLPI":0,"frontIconName":"","GEDCGFHBLGM":false,"GLAJOCMNOJF":0,"hide":false,"IJKCBNBGLDO":false,"imageNameHash":0,"indexID":0,"isDefault":true,"itemId":0,"jsonName":"","nameTextMapHash":1128331378,"prefabManekinPathHash":0,"prefabNpcPathHash":0,"prefabPathHash":0,"prefabRemotePathHash":0,"quality":0,"sideIconName":"","skinId":207400}},"10000075":{"207500":{"animatorConfigPathHash":0,"BIDJFACEAHJ":false,"CDNBAHDCNJK":0,"characterId":10000075,"controllerPathHash":0,"controllerRemotePathHash":0,"descTextMapHash":3246746458,"EEADAJBBLPI":0,"frontIconName":"","GEDCGFHBLGM":false,"GLAJOCMNOJF":0,"hide":false,"IJKCBNBGLDO":false,"imageNameHash":0,"indexID":0,"isDefault":true,"itemId":0,"jsonName":"","nameTextMapHash":4005813530,"prefabManekinPathHash":0,"prefabNpcPathHash":0,"prefabPathHash":0,"prefabRemotePathHash":0,"quality":0,"sideIconName":"","skinId":207500}},"10000076":{"207600":{"animatorConfigPathHash":0,"BIDJFACEAHJ":false,"CDNBAHDCNJK":0,"characterId":10000076,"controllerPathHash":0,"controllerRemotePathHash":0,"descTextMapHash":3487496106,"EEADAJBBLPI":0,"frontIconName":"","GEDCGFHBLGM":false,"GLAJOCMNOJF":0,"hide":false,"IJKCBNBGLDO":false,"imageNameHash":0,"indexID":0,"isDefault":true,"itemId":0,"jsonName":"","nameTextMapHash":1487058818,"prefabManekinPathHash":0,"prefabNpcPathHash":0,"prefabPathHash":0,"prefabRemotePathHash":0,"quality":0,"sideIconName":"","skinId":207600}},"10000077":{"207700":{"animatorConfigPathHash":0,"BIDJFACEAHJ":false,"CDNBAHDCNJK":0,"characterId":10000077,"controllerPathHash":0,"controllerRemotePathHash":0,"descTextMapHash":3911845442,"EEADAJBBLPI":0,"frontIconName":"","GEDCGFHBLGM":false,"GLAJOCMNOJF":0,"hide":false,"IJKCBNBGLDO":false,"imageNameHash":0,"indexID":0,"isDefault":true,"itemId":0,"jsonName":"","nameTextMapHash":1664916426,"prefabManekinPathHash":0,"prefabNpcPathHash":0,"prefabPathHash":0,"prefabRemotePathHash":0,"quality":0,"sideIconName":"","skinId":207700}},"10000078":{"207800":{"animatorConfigPathHash":0,"BIDJFACEAHJ":false,"CDNBAHDCNJK":0,"characterId":10000078,"controllerPathHash":0,"controllerRemotePathHash":0,"descTextMapHash":39198106,"EEADAJBBLPI":0,"frontIconName":"","GEDCGFHBLGM":false,"GLAJOCMNOJF":0,"hide":false,"IJKCBNBGLDO":false,"imageNameHash":0,"indexID":0,"isDefault":true,"itemId":0,"jsonName":"","nameTextMapHash":3349227426,"prefabManekinPathHash":0,"prefabNpcPathHash":0,"prefabPathHash":0,"prefabRemotePathHash":0,"quality":0,"sideIconName":"","skinId":207800}},"10000079":{"207900":{"animatorConfigPathHash":0,"BIDJFACEAHJ":false,"CDNBAHDCNJK":0,"characterId":10000079,"controllerPathHash":0,"controllerRemotePathHash":0,"descTextMapHash":140684002,"EEADAJBBLPI":0,"frontIconName":"","GEDCGFHBLGM":false,"GLAJOCMNOJF":0,"hide":false,"IJKCBNBGLDO":false,"imageNameHash":0,"indexID":0,"isDefault":true,"itemId":0,"jsonName":"","nameTextMapHash":4041199642,"prefabManekinPathHash":0,"prefabNpcPathHash":0,"prefabPathHash":0,"prefabRemotePathHash":0,"quality":0,"sideIconName":"","skinId":207900}},"10000080":{"208000":{"animatorConfigPathHash":0,"BIDJFACEAHJ":false,"CDNBAHDCNJK":0,"characterId":10000080,"controllerPathHash":0,"controllerRemotePathHash":0,"descTextMapHash":3777257866,"EEADAJBBLPI":0,"frontIconName":"","GEDCGFHBLGM":false,"GLAJOCMNOJF":0,"hide":false,"IJKCBNBGLDO":false,"imageNameHash":0,"indexID":0,"isDefault":true,"itemId":0,"jsonName":"","nameTextMapHash":423812362,"prefabManekinPathHash":0,"prefabNpcPathHash":0,"prefabPathHash":0,"prefabRemotePathHash":0,"quality":0,"sideIconName":"","skinId":208000}},"10000081":{"208100":{"animatorConfigPathHash":0,"BIDJFACEAHJ":false,"CDNBAHDCNJK":0,"characterId":10000081,"controllerPathHash":0,"controllerRemotePathHash":0,"descTextMapHash":3875251706,"EEADAJBBLPI":0,"frontIconName":"","GEDCGFHBLGM":false,"GLAJOCMNOJF":0,"hide":false,"IJKCBNBGLDO":false,"imageNameHash":0,"indexID":0,"isDefault":true,"itemId":0,"jsonName":"","nameTextMapHash":2460471634,"prefabManekinPathHash":0,"prefabNpcPathHash":0,"prefabPathHash":0,"prefabRemotePathHash":0,"quality":0,"sideIconName":"","skinId":208100}},"10000082":{"208200":{"animatorConfigPathHash":0,"BIDJFACEAHJ":false,"CDNBAHDCNJK":0,"characterId":10000082,"controllerPathHash":0,"controllerRemotePathHash":0,"descTextMapHash":260008858,"EEADAJBBLPI":0,"frontIconName":"","GEDCGFHBLGM":false,"GLAJOCMNOJF":0,"hide":false,"IJKCBNBGLDO":false,"imageNameHash":0,"indexID":0,"isDefault":true,"itemId":0,"jsonName":"","nameTextMapHash":3539582602,"prefabManekinPathHash":0,"prefabNpcPathHash":0,"prefabPathHash":0,"prefabRemotePathHash":0,"quality":0,"sideIconName":"","skinId":208200}},"10000083":{"208300":{"animatorConfigPathHash":0,"BIDJFACEAHJ":false,"CDNBAHDCNJK":0,"characterId":10000083,"controllerPathHash":0,"controllerRemotePathHash":0,"descTextMapHash":3142534786,"EEADAJBBLPI":0,"frontIconName":"","GEDCGFHBLGM":false,"GLAJOCMNOJF":0,"hide":false,"IJKCBNBGLDO":false,"imageNameHash":0,"indexID":0,"isDefault":true,"itemId":0,"jsonName":"","nameTextMapHash":1358526194,"prefabManekinPathHash":0,"prefabNpcPathHash":0,"prefabPathHash":0,"prefabRemotePathHash":0,"quality":0,"sideIconName":"","skinId":208300}},"10000084":{"208400":{"animatorConfigPathHash":0,"BIDJFACEAHJ":false,"CDNBAHDCNJK":0,"characterId":10000084,"controllerPathHash":0,"controllerRemotePathHash":0,"descTextMapHash":2711601770,"EEADAJBBLPI":0,"frontIconName":"","GEDCGFHBLGM":false,"GLAJOCMNOJF":0,"hide":false,"IJKCBNBGLDO":false,"imageNameHash":0,"indexID":0,"isDefault":true,"itemId":0,"jsonName":"","nameTextMapHash":2247421522,"prefabManekinPathHash":0,"prefabNpcPathHash":0,"prefabPathHash":0,"prefabRemotePathHash":0,"quality":0,"sideIconName":"","skinId":208400}},"10000085":{"208500":{"animatorConfigPathHash":0,"BIDJFACEAHJ":false,"CDNBAHDCNJK":0,"characterId":10000085,"controllerPathHash":0,"controllerRemotePathHash":0,"descTextMapHash":172373146,"EEADAJBBLPI":0,"frontIconName":"","GEDCGFHBLGM":false,"GLAJOCMNOJF":0,"hide":false,"IJKCBNBGLDO":false,"imageNameHash":0,"indexID":0,"isDefault":true,"itemId":0,"jsonName":"","nameTextMapHash":3741795914,"prefabManekinPathHash":0,"prefabNpcPathHash":0,"prefabPathHash":0,"prefabRemotePathHash":0,"quality":0,"sideIconName":"","skinId":208500}},"10000086":{"208600":{"animatorConfigPathHash":0,"BIDJFACEAHJ":false,"CDNBAHDCNJK":0,"characterId":10000086,"controllerPathHash":0,"controllerRemotePathHash":0,"descTextMapHash":2942361602,"EEADAJBBLPI":0,"frontIconName":"","GEDCGFHBLGM":false,"GLAJOCMNOJF":0,"hide":false,"IJKCBNBGLDO":false,"imageNameHash":0,"indexID":0,"isDefault":true,"itemId":0,"jsonName":"","nameTextMapHash":3467014274,"prefabManekinPathHash":0,"prefabNpcPathHash":0,"prefabPathHash":0,"prefabRemotePathHash":0,"quality":0,"sideIconName":"","skinId":208600}},"10000087":{"208700":{"animatorConfigPathHash":0,"BIDJFACEAHJ":false,"CDNBAHDCNJK":0,"characterId":10000087,"controllerPathHash":0,"controllerRemotePathHash":0,"descTextMapHash":3026362642,"EEADAJBBLPI":0,"frontIconName":"","GEDCGFHBLGM":false,"GLAJOCMNOJF":0,"hide":false,"IJKCBNBGLDO":false,"imageNameHash":0,"indexID":0,"isDefault":true,"itemId":0,"jsonName":"","nameTextMapHash":2356957482,"prefabManekinPathHash":0,"prefabNpcPathHash":0,"prefabPathHash":0,"prefabRemotePathHash":0,"quality":0,"sideIconName":"","skinId":208700}},"10000088":{"208800":{"animatorConfigPathHash":0,"BIDJFACEAHJ":false,"CDNBAHDCNJK":0,"characterId":10000088,"controllerPathHash":0,"controllerRemotePathHash":0,"descTextMapHash":1262815914,"EEADAJBBLPI":0,"frontIconName":"","GEDCGFHBLGM":false,"GLAJOCMNOJF":0,"hide":false,"IJKCBNBGLDO":false,"imageNameHash":0,"indexID":0,"isDefault":true,"itemId":0,"jsonName":"","nameTextMapHash":626453522,"prefabManekinPathHash":0,"prefabNpcPathHash":0,"prefabPathHash":0,"prefabRemotePathHash":0,"quality":0,"sideIconName":"","skinId":208800}},"10000089":{"208900":{"animatorConfigPathHash":0,"BIDJFACEAHJ":false,"CDNBAHDCNJK":0,"characterId":10000089,"controllerPathHash":0,"controllerRemotePathHash":0,"descTextMapHash":3717819226,"EEADAJBBLPI":0,"frontIconName":"","GEDCGFHBLGM":false,"GLAJOCMNOJF":0,"hide":false,"IJKCBNBGLDO":false,"imageNameHash":0,"indexID":0,"isDefault":true,"itemId":0,"jsonName":"","nameTextMapHash":1569690906,"prefabManekinPathHash":0,"prefabNpcPathHash":0,"prefabPathHash":0,"prefabRemotePathHash":0,"quality":0,"sideIconName":"","skinId":208900}},"10000090":{"209000":{"animatorConfigPathHash":0,"BIDJFACEAHJ":false,"CDNBAHDCNJK":0,"characterId":10000090,"controllerPathHash":0,"controllerRemotePathHash":0,"descTextMapHash":2017338442,"EEADAJBBLPI":0,"frontIconName":"","GEDCGFHBLGM":false,"GLAJOCMNOJF":0,"hide":false,"IJKCBNBGLDO":false,"imageNameHash":0,"indexID":0,"isDefault":true,"itemId":0,"jsonName":"","nameTextMapHash":1001156090,"prefabManekinPathHash":0,"prefabNpcPathHash":0,"prefabPathHash":0,"prefabRemotePathHash":0,"quality":0,"sideIconName":"","skinId":209000}},"10000091":{"209100":{"animatorConfigPathHash":0,"BIDJFACEAHJ":false,"CDNBAHDCNJK":0,"characterId":10000091,"controllerPathHash":0,"controllerRemotePathHash":0,"descTextMapHash":1185194346,"EEADAJBBLPI":0,"frontIconName":"","GEDCGFHBLGM":false,"GLAJOCMNOJF":0,"hide":false,"IJKCBNBGLDO":false,"imageNameHash":0,"indexID":0,"isDefault":true,"itemId":0,"jsonName":"","nameTextMapHash":3039352282,"prefabManekinPathHash":0,"prefabNpcPathHash":0,"prefabPathHash":0,"prefabRemotePathHash":0,"quality":0,"sideIconName":"","skinId":209100}},"10000092":{"209200":{"animatorConfigPathHash":0,"BIDJFACEAHJ":false,"CDNBAHDCNJK":0,"characterId":10000092,"controllerPathHash":0,"controllerRemotePathHash":0,"descTextMapHash":3180242922,"EEADAJBBLPI":0,"frontIconName":"","GEDCGFHBLGM":false,"GLAJOCMNOJF":0,"hide":false,"IJKCBNBGLDO":false,"imageNameHash":0,"indexID":0,"isDefault":true,"itemId":0,"jsonName":"","nameTextMapHash":2007918858,"prefabManekinPathHash":0,"prefabNpcPathHash":0,"prefabPathHash":0,"prefabRemotePathHash":0,"quality":0,"sideIconName":"","skinId":209200}},"10000093":{"209300":{"animatorConfigPathHash":0,"BIDJFACEAHJ":false,"CDNBAHDCNJK":0,"characterId":10000093,"controllerPathHash":0,"controllerRemotePathHash":0,"descTextMapHash":2353796746,"EEADAJBBLPI":0,"frontIconName":"","GEDCGFHBLGM":false,"GLAJOCMNOJF":0,"hide":false,"IJKCBNBGLDO":false,"imageNameHash":0,"indexID":0,"isDefault":true,"itemId":0,"jsonName":"","nameTextMapHash":2283589170,"prefabManekinPathHash":0,"prefabNpcPathHash":0,"prefabPathHash":0,"prefabRemotePathHash":0,"quality":0,"sideIconName":"","skinId":209300}},"10000094":{"209400":{"animatorConfigPathHash":0,"BIDJFACEAHJ":false,"CDNBAHDCNJK":0,"characterId":10000094,"controllerPathHash":0,"controllerRemotePathHash":0,"descTextMapHash":1469088850,"EEADAJBBLPI":0,"frontIconName":"","GEDCGFHBLGM":false,"GLAJOCMNOJF":0,"hide":false,"IJKCBNBGLDO":false,"imageNameHash":0,"indexID":0,"isDefault":true,"itemId":0,"jsonName":"","nameTextMapHash":4268512138,"prefabManekinPathHash":0,"prefabNpcPathHash":0,"prefabPathHash":0,"prefabRemotePathHash":0,"quality":0,"sideIconName":"","skinId":209400}},"10000095":{"209500":{"animatorConfigPathHash":0,"BIDJFACEAHJ":false,"CDNBAHDCNJK":0,"characterId":10000095,"controllerPathHash":0,"controllerRemotePathHash":0,"descTextMapHash":592486874,"EEADAJBBLPI":0,"frontIconName":"","GEDCGFHBLGM":false,"GLAJOCMNOJF":0,"hide":false,"IJKCBNBGLDO":false,"imageNameHash":0,"indexID":0,"isDefault":true,"itemId":0,"jsonName":"","nameTextMapHash":3959800498,"prefabManekinPathHash":0,"prefabNpcPathHash":0,"prefabPathHash":0,"prefabRemotePathHash":0,"quality":0,"sideIconName":"","skinId":209500}},"10000096":{"209600":{"animatorConfigPathHash":0,"BIDJFACEAHJ":false,"CDNBAHDCNJK":0,"characterId":10000096,"controllerPathHash":0,"controllerRemotePathHash":0,"descTextMapHash":277557898,"EEADAJBBLPI":0,"frontIconName":"","GEDCGFHBLGM":false,"GLAJOCMNOJF":0,"hide":false,"IJKCBNBGLDO":false,"imageNameHash":0,"indexID":0,"isDefault":true,"itemId":0,"jsonName":"","nameTextMapHash":2341898930,"prefabManekinPathHash":0,"prefabNpcPathHash":0,"prefabPathHash":0,"prefabRemotePathHash":0,"quality":0,"sideIconName":"","skinId":209600}},"10000097":{"209700":{"animatorConfigPathHash":0,"BIDJFACEAHJ":false,"CDNBAHDCNJK":0,"characterId":10000097,"controllerPathHash":0,"controllerRemotePathHash":0,"descTextMapHash":3716862146,"EEADAJBBLPI":0,"frontIconName":"","GEDCGFHBLGM":false,"GLAJOCMNOJF":0,"hide":false,"IJKCBNBGLDO":false,"imageNameHash":0,"indexID":0,"isDefault":true,"itemId":0,"jsonName":"","nameTextMapHash":1530706906,"prefabManekinPathHash":0,"prefabNpcPathHash":0,"prefabPathHash":0,"prefabRemotePathHash":0,"quality":0,"sideIconName":"","skinId":209700}},"10000098":{"209800":{"animatorConfigPathHash":0,"BIDJFACEAHJ":false,"CDNBAHDCNJK":0,"characterId":10000098,"controllerPathHash":0,"controllerRemotePathHash":0,"descTextMapHash":2716291818,"EEADAJBBLPI":0,"frontIconName":"","GEDCGFHBLGM":false,"GLAJOCMNOJF":0,"hide":false,"IJKCBNBGLDO":false,"imageNameHash":0,"indexID":0,"isDefault":true,"itemId":0,"jsonName":"","nameTextMapHash":853988202,"prefabManekinPathHash":0,"prefabNpcPathHash":0,"prefabPathHash":0,"prefabRemotePathHash":0,"quality":0,"sideIconName":"","skinId":209800}},"10000099":{"209900":{"animatorConfigPathHash":0,"BIDJFACEAHJ":false,"CDNBAHDCNJK":0,"characterId":10000099,"controllerPathHash":0,"controllerRemotePathHash":0,"descTextMapHash":1466883298,"EEADAJBBLPI":0,"frontIconName":"","GEDCGFHBLGM":false,"GLAJOCMNOJF":0,"hide":false,"IJKCBNBGLDO":false,"imageNameHash":0,"indexID":0,"isDefault":true,"itemId":0,"jsonName":"","nameTextMapHash":1187395194,"prefabManekinPathHash":0,"prefabNpcPathHash":0,"prefabPathHash":0,"prefabRemotePathHash":0,"quality":0,"sideIconName":"","skinId":209900}},"10000100":{"210000":{"animatorConfigPathHash":0,"BIDJFACEAHJ":false,"CDNBAHDCNJK":0,"characterId":10000100,"controllerPathHash":0,"controllerRemotePathHash":0,"descTextMapHash":3592221418,"EEADAJBBLPI":0,"frontIconName":"","GEDCGFHBLGM":false,"GLAJOCMNOJF":0,"hide":false,"IJKCBNBGLDO":false,"imageNameHash":0,"indexID":0,"isDefault":true,"itemId":0,"jsonName":"","nameTextMapHash":2637368282,"prefabManekinPathHash":0,"prefabNpcPathHash":0,"prefabPathHash":0,"prefabRemotePathHash":0,"quality":0,"sideIconName":"","skinId":210000}},"10000101":{"210100":{"animatorConfigPathHash":0,"BIDJFACEAHJ":false,"CDNBAHDCNJK":0,"characterId":10000101,"controllerPathHash":0,"controllerRemotePathHash":0,"descTextMapHash":836391874,"EEADAJBBLPI":0,"frontIconName":"","GEDCGFHBLGM":false,"GLAJOCMNOJF":0,"hide":false,"IJKCBNBGLDO":false,"imageNameHash":0,"indexID":0,"isDefault":true,"itemId":0,"jsonName":"","nameTextMapHash":3147713386,"prefabManekinPathHash":0,"prefabNpcPathHash":0,"prefabPathHash":0,"prefabRemotePathHash":0,"quality":0,"sideIconName":"","skinId":210100}},"10000102":{"210200":{"animatorConfigPathHash":0,"BIDJFACEAHJ":false,"CDNBAHDCNJK":0,"characterId":10000102,"controllerPathHash":0,"controllerRemotePathHash":0,"descTextMapHash":2933314762,"EEADAJBBLPI":0,"frontIconName":"","GEDCGFHBLGM":false,"GLAJOCMNOJF":0,"hide":false,"IJKCBNBGLDO":false,"imageNameHash":0,"indexID":0,"isDefault":true,"itemId":0,"jsonName":"","nameTextMapHash":365492826,"prefabManekinPathHash":0,"prefabNpcPathHash":0,"prefabPathHash":0,"prefabRemotePathHash":0,"quality":0,"sideIconName":"","skinId":210200}},"10000103":{"210300":{"animatorConfigPathHash":0,"BIDJFACEAHJ":false,"CDNBAHDCNJK":0,"characterId":10000103,"controllerPathHash":0,"controllerRemotePathHash":0,"descTextMapHash":2150942562,"EEADAJBBLPI":0,"frontIconName":"","GEDCGFHBLGM":false,"GLAJOCMNOJF":0,"hide":false,"IJKCBNBGLDO":false,"imageNameHash":0,"indexID":0,"isDefault":true,"itemId":0,"jsonName":"","nameTextMapHash":4097481770,"prefabManekinPathHash":0,"prefabNpcPathHash":0,"prefabPathHash":0,"prefabRemotePathHash":0,"quality":0,"sideIconName":"","skinId":210300}},"10000104":{"210400":{"animatorConfigPathHash":0,"BIDJFACEAHJ":false,"CDNBAHDCNJK":0,"characterId":10000104,"controllerPathHash":0,"controllerRemotePathHash":0,"descTextMapHash":380573914,"EEADAJBBLPI":0,"frontIconName":"","GEDCGFHBLGM":false,"GLAJOCMNOJF":0,"hide":false,"IJKCBNBGLDO":false,"imageNameHash":0,"indexID":0,"isDefault":true,"itemId":0,"jsonName":"","nameTextMapHash":1880406722,"prefabManekinPathHash":0,"prefabNpcPathHash":0,"prefabPathHash":0,"prefabRemotePathHash":0,"quality":0,"sideIconName":"","skinId":210400}},"10000105":{"210500":{"animatorConfigPathHash":0,"BIDJFACEAHJ":false,"CDNBAHDCNJK":0,"characterId":10000105,"controllerPathHash":0,"controllerRemotePathHash":0,"descTextMapHash":298110682,"EEADAJBBLPI":0,"frontIconName":"","GEDCGFHBLGM":false,"GLAJOCMNOJF":0,"hide":false,"IJKCBNBGLDO":false,"imageNameHash":0,"indexID":0,"isDefault":true,"itemId":0,"jsonName":"","nameTextMapHash":2720112890,"prefabManekinPathHash":0,"prefabNpcPathHash":0,"prefabPathHash":0,"prefabRemotePathHash":0,"quality":0,"sideIconName":"","skinId":210500}},"10000106":{"210600":{"animatorConfigPathHash":0,"BIDJFACEAHJ":false,"CDNBAHDCNJK":0,"characterId":10000106,"controllerPathHash":0,"controllerRemotePathHash":0,"descTextMapHash":251932938,"EEADAJBBLPI":0,"frontIconName":"","GEDCGFHBLGM":false,"GLAJOCMNOJF":0,"hide":false,"IJKCBNBGLDO":false,"imageNameHash":0,"indexID":0,"isDefault":true,"itemId":0,"jsonName":"","nameTextMapHash":3903864042,"prefabManekinPathHash":0,"prefabNpcPathHash":0,"prefabPathHash":0,"prefabRemotePathHash":0,"quality":0,"sideIconName":"","skinId":210600}},"10000107":{"210700":{"animatorConfigPathHash":0,"BIDJFACEAHJ":false,"CDNBAHDCNJK":0,"characterId":10000107,"controllerPathHash":0,"controllerRemotePathHash":0,"descTextMapHash":3454821586,"EEADAJBBLPI":0,"frontIconName":"","GEDCGFHBLGM":false,"GLAJOCMNOJF":0,"hide":false,"IJKCBNBGLDO":false,"imageNameHash":0,"indexID":0,"isDefault":true,"itemId":0,"jsonName":"","nameTextMapHash":3611122538,"prefabManekinPathHash":0,"prefabNpcPathHash":0,"prefabPathHash":0,"prefabRemotePathHash":0,"quality":0,"sideIconName":"","skinId":210700}},"10000108":{"210800":{"animatorConfigPathHash":0,"BIDJFACEAHJ":false,"CDNBAHDCNJK":0,"characterId":10000108,"controllerPathHash":0,"controllerRemotePathHash":0,"descTextMapHash":1599599746,"EEADAJBBLPI":0,"frontIconName":"","GEDCGFHBLGM":false,"GLAJOCMNOJF":0,"hide":false,"IJKCBNBGLDO":false,"imageNameHash":0,"indexID":0,"isDefault":true,"itemId":0,"jsonName":"","nameTextMapHash":1522446634,"prefabManekinPathHash":0,"prefabNpcPathHash":0,"prefabPathHash":0,"prefabRemotePathHash":0,"quality":0,"sideIconName":"","skinId":210800}},"10000109":{"210900":{"animatorConfigPathHash":0,"BIDJFACEAHJ":false,"CDNBAHDCNJK":0,"characterId":10000109,"controllerPathHash":0,"controllerRemotePathHash":0,"descTextMapHash":2880645482,"EEADAJBBLPI":0,"frontIconName":"","GEDCGFHBLGM":false,"GLAJOCMNOJF":0,"hide":false,"IJKCBNBGLDO":false,"imageNameHash":0,"indexID":0,"isDefault":true,"itemId":0,"jsonName":"","nameTextMapHash":1995417858,"prefabManekinPathHash":0,"prefabNpcPathHash":0,"prefabPathHash":0,"prefabRemotePathHash":0,"quality":0,"sideIconName":"","skinId":210900}},"10000110":{"211000":{"animatorConfigPathHash":0,"BIDJFACEAHJ":false,"CDNBAHDCNJK":0,"characterId":10000110,"controllerPathHash":0,"controllerRemotePathHash":0,"descTextMapHash":582947802,"EEADAJBBLPI":0,"frontIconName":"","GEDCGFHBLGM":false,"GLAJOCMNOJF":0,"hide":false,"IJKCBNBGLDO":false,"imageNameHash":0,"indexID":0,"isDefault":true,"itemId":0,"jsonName":"","nameTextMapHash":2247799730,"prefabManekinPathHash":0,"prefabNpcPathHash":0,"prefabPathHash":0,"prefabRemotePathHash":0,"quality":0,"sideIconName":"","skinId":211000}},"10000111":{"211100":{"animatorConfigPathHash":0,"BIDJFACEAHJ":false,"CDNBAHDCNJK":0,"characterId":10000111,"controllerPathHash":0,"controllerRemotePathHash":0,"descTextMapHash":2597074490,"EEADAJBBLPI":0,"frontIconName":"","GEDCGFHBLGM":false,"GLAJOCMNOJF":0,"hide":false,"IJKCBNBGLDO":false,"imageNameHash":0,"indexID":0,"isDefault":true,"itemId":0,"jsonName":"","nameTextMapHash":2109972426,"prefabManekinPathHash":0,"prefabNpcPathHash":0,"prefabPathHash":0,"prefabRemotePathHash":0,"quality":0,"sideIconName":"","skinId":211100}},"10000112":{"211200":{"animatorConfigPathHash":0,"BIDJFACEAHJ":false,"CDNBAHDCNJK":0,"characterId":10000112,"controllerPathHash":0,"controllerRemotePathHash":0,"descTextMapHash":316091034,"EEADAJBBLPI":0,"frontIconName":"","GEDCGFHBLGM":false,"GLAJOCMNOJF":0,"hide":false,"IJKCBNBGLDO":false,"imageNameHash":0,"indexID":0,"isDefault":true,"itemId":0,"jsonName":"","nameTextMapHash":2158099930,"prefabManekinPathHash":0,"prefabNpcPathHash":0,"prefabPathHash":0,"prefabRemotePathHash":0,"quality":0,"sideIconName":"","skinId":211200}},"10000113":{"211300":{"animatorConfigPathHash":0,"BIDJFACEAHJ":false,"CDNBAHDCNJK":0,"characterId":10000113,"controllerPathHash":0,"controllerRemotePathHash":0,"descTextMapHash":503922402,"EEADAJBBLPI":0,"frontIconName":"","GEDCGFHBLGM":false,"GLAJOCMNOJF":0,"hide":false,"IJKCBNBGLDO":false,"imageNameHash":0,"indexID":0,"isDefault":true,"itemId":0,"jsonName":"","nameTextMapHash":2608659810,"prefabManekinPathHash":0,"prefabNpcPathHash":0,"prefabPathHash":0,"prefabRemotePathHash":0,"quality":0,"sideIconName":"","skinId":211300}},"10000114":{"211400":{"animatorConfigPathHash":0,"BIDJFACEAHJ":false,"CDNBAHDCNJK":0,"characterId":10000114,"controllerPathHash":0,"controllerRemotePathHash":0,"descTextMapHash":1977553594,"EEADAJBBLPI":0,"frontIconName":"","GEDCGFHBLGM":false,"GLAJOCMNOJF":0,"hide":false,"IJKCBNBGLDO":false,"imageNameHash":0,"indexID":0,"isDefault":true,"itemId":0,"jsonName":"","nameTextMapHash":1717594946,"prefabManekinPathHash":0,"prefabNpcPathHash":0,"prefabPathHash":0,"prefabRemotePathHash":0,"quality":0,"sideIconName":"","skinId":211400}},"10000115":{"211500":{"animatorConfigPathHash":0,"BIDJFACEAHJ":false,"CDNBAHDCNJK":0,"characterId":10000115,"controllerPathHash":0,"controllerRemotePathHash":0,"descTextMapHash":2446572594,"EEADAJBBLPI":0,"frontIconName":"","GEDCGFHBLGM":false,"GLAJOCMNOJF":0,"hide":false,"IJKCBNBGLDO":false,"imageNameHash":0,"indexID":0,"isDefault":true,"itemId":0,"jsonName":"","nameTextMapHash":1898620778,"prefabManekinPathHash":0,"prefabNpcPathHash":0,"prefabPathHash":0,"prefabRemotePathHash":0,"quality":0,"sideIconName":"","skinId":211500}},"10000116":{"211600":{"animatorConfigPathHash":0,"BIDJFACEAHJ":false,"CDNBAHDCNJK":0,"characterId":10000116,"controllerPathHash":0,"controllerRemotePathHash":0,"descTextMapHash":1833908770,"EEADAJBBLPI":0,"frontIconName":"","GEDCGFHBLGM":false,"GLAJOCMNOJF":0,"hide":false,"IJKCBNBGLDO":false,"imageNameHash":0,"indexID":0,"isDefault":true,"itemId":0,"jsonName":"","nameTextMapHash":1315153722,"prefabManekinPathHash":0,"prefabNpcPathHash":0,"prefabPathHash":0,"prefabRemotePathHash":0,"quality":0,"sideIconName":"","skinId":211600}},"10000901":{"290100":{"animatorConfigPathHash":0,"BIDJFACEAHJ":false,"CDNBAHDCNJK":0,"characterId":10000901,"controllerPathHash":0,"controllerRemotePathHash":0,"descTextMapHash":675658346,"EEADAJBBLPI":0,"frontIconName":"","GEDCGFHBLGM":false,"GLAJOCMNOJF":0,"hide":false,"IJKCBNBGLDO":false,"imageNameHash":0,"indexID":0,"isDefault":true,"itemId":0,"jsonName":"","nameTextMapHash":1521467930,"prefabManekinPathHash":0,"prefabNpcPathHash":0,"prefabPathHash":0,"prefabRemotePathHash":0,"quality":0,"sideIconName":"","skinId":290100}},"10000902":{"290200":{"animatorConfigPathHash":0,"BIDJFACEAHJ":false,"CDNBAHDCNJK":0,"characterId":10000902,"controllerPathHash":0,"controllerRemotePathHash":0,"descTextMapHash":2635843370,"EEADAJBBLPI":0,"frontIconName":"","GEDCGFHBLGM":false,"GLAJOCMNOJF":0,"hide":false,"IJKCBNBGLDO":false,"imageNameHash":0,"indexID":0,"isDefault":true,"itemId":0,"jsonName":"","nameTextMapHash":1288269538,"prefabManekinPathHash":0,"prefabNpcPathHash":0,"prefabPathHash":0,"prefabRemotePathHash":0,"quality":0,"sideIconName":"","skinId":290200}},"10000903":{"290300":{"animatorConfigPathHash":0,"BIDJFACEAHJ":false,"CDNBAHDCNJK":0,"characterId":10000903,"controllerPathHash":0,"controllerRemotePathHash":0,"descTextMapHash":2691192194,"EEADAJBBLPI":0,"frontIconName":"","GEDCGFHBLGM":false,"GLAJOCMNOJF":0,"hide":false,"IJKCBNBGLDO":false,"imageNameHash":0,"indexID":0,"isDefault":true,"itemId":0,"jsonName":"","nameTextMapHash":3264401050,"prefabManekinPathHash":0,"prefabNpcPathHash":0,"prefabPathHash":0,"prefabRemotePathHash":0,"quality":0,"sideIconName":"","skinId":290300}}}