{"10000002":{"10":{"avatarId":10000002,"fetterLevel":10,"rewardId":241034}},"10000003":{"10":{"avatarId":10000003,"fetterLevel":10,"rewardId":241006}},"10000006":{"10":{"avatarId":10000006,"fetterLevel":10,"rewardId":241009}},"10000014":{"10":{"avatarId":10000014,"fetterLevel":10,"rewardId":241007}},"10000015":{"10":{"avatarId":10000015,"fetterLevel":10,"rewardId":241008}},"10000016":{"10":{"avatarId":10000016,"fetterLevel":10,"rewardId":241003}},"10000020":{"10":{"avatarId":10000020,"fetterLevel":10,"rewardId":241004}},"10000021":{"10":{"avatarId":10000021,"fetterLevel":10,"rewardId":241001}},"10000022":{"10":{"avatarId":10000022,"fetterLevel":10,"rewardId":241005}},"10000023":{"10":{"avatarId":10000023,"fetterLevel":10,"rewardId":241015}},"10000024":{"10":{"avatarId":10000024,"fetterLevel":10,"rewardId":241020}},"10000025":{"10":{"avatarId":10000025,"fetterLevel":10,"rewardId":241016}},"10000026":{"10":{"avatarId":10000026,"fetterLevel":10,"rewardId":241028}},"10000027":{"10":{"avatarId":10000027,"fetterLevel":10,"rewardId":241019}},"10000029":{"10":{"avatarId":10000029,"fetterLevel":10,"rewardId":241002}},"10000030":{"10":{"avatarId":10000030,"fetterLevel":10,"rewardId":241023}},"10000031":{"10":{"avatarId":10000031,"fetterLevel":10,"rewardId":241011}},"10000032":{"10":{"avatarId":10000032,"fetterLevel":10,"rewardId":241014}},"10000033":{"10":{"avatarId":10000033,"fetterLevel":10,"rewardId":241025}},"10000034":{"10":{"avatarId":10000034,"fetterLevel":10,"rewardId":241012}},"10000035":{"10":{"avatarId":10000035,"fetterLevel":10,"rewardId":241017}},"10000036":{"10":{"avatarId":10000036,"fetterLevel":10,"rewardId":241021}},"10000037":{"10":{"avatarId":10000037,"fetterLevel":10,"rewardId":241026}},"10000038":{"10":{"avatarId":10000038,"fetterLevel":10,"rewardId":241027}},"10000039":{"10":{"avatarId":10000039,"fetterLevel":10,"rewardId":241022}},"10000041":{"10":{"avatarId":10000041,"fetterLevel":10,"rewardId":241013}},"10000042":{"10":{"avatarId":10000042,"fetterLevel":10,"rewardId":241018}},"10000043":{"10":{"avatarId":10000043,"fetterLevel":10,"rewardId":241010}},"10000044":{"10":{"avatarId":10000044,"fetterLevel":10,"rewardId":241024}},"10000045":{"10":{"avatarId":10000045,"fetterLevel":10,"rewardId":241030}},"10000046":{"10":{"avatarId":10000046,"fetterLevel":10,"rewardId":241029}},"10000047":{"10":{"avatarId":10000047,"fetterLevel":10,"rewardId":241033}},"10000048":{"10":{"avatarId":10000048,"fetterLevel":10,"rewardId":241031}},"10000049":{"10":{"avatarId":10000049,"fetterLevel":10,"rewardId":241035}},"10000050":{"10":{"avatarId":10000050,"fetterLevel":10,"rewardId":241041}},"10000051":{"10":{"avatarId":10000051,"fetterLevel":10,"rewardId":241032}},"10000052":{"10":{"avatarId":10000052,"fetterLevel":10,"rewardId":241037}},"10000053":{"10":{"avatarId":10000053,"fetterLevel":10,"rewardId":241036}},"10000054":{"10":{"avatarId":10000054,"fetterLevel":10,"rewardId":241038}},"10000055":{"10":{"avatarId":10000055,"fetterLevel":10,"rewardId":241042}},"10000056":{"10":{"avatarId":10000056,"fetterLevel":10,"rewardId":241039}},"10000057":{"10":{"avatarId":10000057,"fetterLevel":10,"rewardId":241043}},"10000058":{"10":{"avatarId":10000058,"fetterLevel":10,"rewardId":241046}},"10000059":{"10":{"avatarId":10000059,"fetterLevel":10,"rewardId":241050}},"10000060":{"10":{"avatarId":10000060,"fetterLevel":10,"rewardId":241048}},"10000061":{"10":{"avatarId":10000061,"fetterLevel":10,"rewardId":241067}},"10000062":{"10":{"avatarId":10000062,"fetterLevel":10,"rewardId":241040}},"10000063":{"10":{"avatarId":10000063,"fetterLevel":10,"rewardId":241044}},"10000064":{"10":{"avatarId":10000064,"fetterLevel":10,"rewardId":241045}},"10000065":{"10":{"avatarId":10000065,"fetterLevel":10,"rewardId":241049}},"10000066":{"10":{"avatarId":10000066,"fetterLevel":10,"rewardId":241047}},"10000067":{"10":{"avatarId":10000067,"fetterLevel":10,"rewardId":241052}},"10000068":{"10":{"avatarId":10000068,"fetterLevel":10,"rewardId":241053}},"10000069":{"10":{"avatarId":10000069,"fetterLevel":10,"rewardId":241051}},"10000070":{"10":{"avatarId":10000070,"fetterLevel":10,"rewardId":241056}},"10000071":{"10":{"avatarId":10000071,"fetterLevel":10,"rewardId":241054}},"10000072":{"10":{"avatarId":10000072,"fetterLevel":10,"rewardId":241055}},"10000073":{"10":{"avatarId":10000073,"fetterLevel":10,"rewardId":241057}},"10000074":{"10":{"avatarId":10000074,"fetterLevel":10,"rewardId":241058}},"10000075":{"10":{"avatarId":10000075,"fetterLevel":10,"rewardId":241059}},"10000076":{"10":{"avatarId":10000076,"fetterLevel":10,"rewardId":241060}},"10000077":{"10":{"avatarId":10000077,"fetterLevel":10,"rewardId":241062}},"10000078":{"10":{"avatarId":10000078,"fetterLevel":10,"rewardId":241061}},"10000079":{"10":{"avatarId":10000079,"fetterLevel":10,"rewardId":241063}},"10000080":{"10":{"avatarId":10000080,"fetterLevel":10,"rewardId":241064}},"10000081":{"10":{"avatarId":10000081,"fetterLevel":10,"rewardId":241066}},"10000082":{"10":{"avatarId":10000082,"fetterLevel":10,"rewardId":241065}},"10000083":{"10":{"avatarId":10000083,"fetterLevel":10,"rewardId":241069}},"10000084":{"10":{"avatarId":10000084,"fetterLevel":10,"rewardId":241068}},"10000085":{"10":{"avatarId":10000085,"fetterLevel":10,"rewardId":241070}},"10000086":{"10":{"avatarId":10000086,"fetterLevel":10,"rewardId":241072}},"10000087":{"10":{"avatarId":10000087,"fetterLevel":10,"rewardId":241071}},"10000088":{"10":{"avatarId":10000088,"fetterLevel":10,"rewardId":241074}},"10000089":{"10":{"avatarId":10000089,"fetterLevel":10,"rewardId":241073}},"10000090":{"10":{"avatarId":10000090,"fetterLevel":10,"rewardId":241076}},"10000091":{"10":{"avatarId":10000091,"fetterLevel":10,"rewardId":241075}},"10000092":{"10":{"avatarId":10000092,"fetterLevel":10,"rewardId":241078}},"10000093":{"10":{"avatarId":10000093,"fetterLevel":10,"rewardId":241077}},"10000094":{"10":{"avatarId":10000094,"fetterLevel":10,"rewardId":241079}},"10000095":{"10":{"avatarId":10000095,"fetterLevel":10,"rewardId":241082}},"10000096":{"10":{"avatarId":10000096,"fetterLevel":10,"rewardId":241080}},"10000097":{"10":{"avatarId":10000097,"fetterLevel":10,"rewardId":241083}},"10000098":{"10":{"avatarId":10000098,"fetterLevel":10,"rewardId":241081}},"10000099":{"10":{"avatarId":10000099,"fetterLevel":10,"rewardId":241084}},"10000100":{"10":{"avatarId":10000100,"fetterLevel":10,"rewardId":241085}},"10000101":{"10":{"avatarId":10000101,"fetterLevel":10,"rewardId":241086}},"10000102":{"10":{"avatarId":10000102,"fetterLevel":10,"rewardId":241087}},"10000103":{"10":{"avatarId":10000103,"fetterLevel":10,"rewardId":241088}},"10000104":{"10":{"avatarId":10000104,"fetterLevel":10,"rewardId":241089}},"10000105":{"10":{"avatarId":10000105,"fetterLevel":10,"rewardId":241090}},"10000106":{"10":{"avatarId":10000106,"fetterLevel":10,"rewardId":241091}},"10000107":{"10":{"avatarId":10000107,"fetterLevel":10,"rewardId":241092}},"10000108":{"10":{"avatarId":10000108,"fetterLevel":10,"rewardId":241093}},"10000109":{"10":{"avatarId":10000109,"fetterLevel":10,"rewardId":241094}},"10000110":{"10":{"avatarId":10000110,"fetterLevel":10,"rewardId":241096}},"10000111":{"10":{"avatarId":10000111,"fetterLevel":10,"rewardId":241095}},"10000112":{"10":{"avatarId":10000112,"fetterLevel":10,"rewardId":241097}},"10000113":{"10":{"avatarId":10000113,"fetterLevel":10,"rewardId":241098}},"10000114":{"10":{"avatarId":10000114,"fetterLevel":10,"rewardId":241099}},"10000115":{"10":{"avatarId":10000115,"fetterLevel":10,"rewardId":241100}},"10000116":{"6":{"avatarId":10000116,"fetterLevel":6,"rewardId":240101},"10":{"avatarId":10000116,"fetterLevel":10,"rewardId":241101}}}