{"10000002":{"avatarAssocType":"ASSOC_TYPE_INAZUMA","avatarConstellationAfterTextMapHash":1033536715,"avatarConstellationBeforTextMapHash":2735576330,"avatarDetailTextMapHash":4223738138,"avatarId":10000002,"avatarNativeTextMapHash":1763099481,"avatarTitleTextMapHash":3614785250,"avatarVisionAfterTextMapHash":4288637793,"avatarVisionBeforTextMapHash":3057990932,"cvChineseTextMapHash":727576102,"cvEnglishTextMapHash":431619300,"cvJapaneseTextMapHash":3995062768,"cvKoreanTextMapHash":825575327,"fetterId":101,"finishConds":[{"condType":"FETTER_COND_NOT_OPEN","paramList":[]}],"infoBirthDay":28,"infoBirthMonth":9,"isHiden":false,"NBHFPPPHPMI":3690673200,"OAPDAINJPLD":1706132810,"openConds":[]},"10000003":{"avatarAssocType":"ASSOC_TYPE_MONDSTADT","avatarConstellationAfterTextMapHash":144282507,"avatarConstellationBeforTextMapHash":201010258,"avatarDetailTextMapHash":1963658218,"avatarId":10000003,"avatarNativeTextMapHash":2100503169,"avatarTitleTextMapHash":1200647962,"avatarVisionAfterTextMapHash":1453458049,"avatarVisionBeforTextMapHash":467004516,"cvChineseTextMapHash":392436190,"cvEnglishTextMapHash":91808668,"cvJapaneseTextMapHash":1712871456,"cvKoreanTextMapHash":446794071,"fetterId":102,"finishConds":[{"condType":"FETTER_COND_NOT_OPEN","paramList":[]}],"infoBirthDay":14,"infoBirthMonth":3,"isHiden":false,"NBHFPPPHPMI":2517633056,"OAPDAINJPLD":3459513866,"openConds":[]},"10000005":{"avatarAssocType":"ASSOC_TYPE_MAINACTOR","avatarConstellationAfterTextMapHash":2038622971,"avatarConstellationBeforTextMapHash":756242466,"avatarDetailTextMapHash":1006022970,"avatarId":10000005,"avatarNativeTextMapHash":2022316961,"avatarTitleTextMapHash":2305320866,"avatarVisionAfterTextMapHash":955276209,"avatarVisionBeforTextMapHash":821712868,"cvChineseTextMapHash":3322055142,"cvEnglishTextMapHash":3354393428,"cvJapaneseTextMapHash":1249978000,"cvKoreanTextMapHash":986493735,"fetterId":103,"finishConds":[{"condType":"FETTER_COND_NOT_OPEN","paramList":[]}],"infoBirthDay":0,"infoBirthMonth":0,"isHiden":false,"NBHFPPPHPMI":3774448256,"OAPDAINJPLD":2686169482,"openConds":[]},"10000006":{"avatarAssocType":"ASSOC_TYPE_MONDSTADT","avatarConstellationAfterTextMapHash":3201017387,"avatarConstellationBeforTextMapHash":34090282,"avatarDetailTextMapHash":3571277394,"avatarId":10000006,"avatarNativeTextMapHash":1809237489,"avatarTitleTextMapHash":3138609954,"avatarVisionAfterTextMapHash":1481798217,"avatarVisionBeforTextMapHash":2480172868,"cvChineseTextMapHash":943522462,"cvEnglishTextMapHash":2422748316,"cvJapaneseTextMapHash":3369294496,"cvKoreanTextMapHash":3288865479,"fetterId":104,"finishConds":[{"condType":"FETTER_COND_NOT_OPEN","paramList":[]}],"infoBirthDay":9,"infoBirthMonth":6,"isHiden":false,"NBHFPPPHPMI":237646104,"OAPDAINJPLD":843711858,"openConds":[]},"10000007":{"avatarAssocType":"ASSOC_TYPE_MAINACTOR","avatarConstellationAfterTextMapHash":1928056899,"avatarConstellationBeforTextMapHash":816482658,"avatarDetailTextMapHash":406940522,"avatarId":10000007,"avatarNativeTextMapHash":4064367953,"avatarTitleTextMapHash":13422330,"avatarVisionAfterTextMapHash":2590902393,"avatarVisionBeforTextMapHash":471154292,"cvChineseTextMapHash":2084890670,"cvEnglishTextMapHash":939276444,"cvJapaneseTextMapHash":2560583048,"cvKoreanTextMapHash":2958496231,"fetterId":105,"finishConds":[{"condType":"FETTER_COND_NOT_OPEN","paramList":[]}],"infoBirthDay":0,"infoBirthMonth":0,"isHiden":false,"NBHFPPPHPMI":2163702912,"OAPDAINJPLD":3522231050,"openConds":[]},"10000014":{"avatarAssocType":"ASSOC_TYPE_MONDSTADT","avatarConstellationAfterTextMapHash":3271630931,"avatarConstellationBeforTextMapHash":2960169546,"avatarDetailTextMapHash":2573623138,"avatarId":10000014,"avatarNativeTextMapHash":1304312049,"avatarTitleTextMapHash":1823500338,"avatarVisionAfterTextMapHash":1166340161,"avatarVisionBeforTextMapHash":4022324356,"cvChineseTextMapHash":712582678,"cvEnglishTextMapHash":488354068,"cvJapaneseTextMapHash":3860998488,"cvKoreanTextMapHash":11452367,"fetterId":106,"finishConds":[{"condType":"FETTER_COND_NOT_OPEN","paramList":[]}],"infoBirthDay":5,"infoBirthMonth":7,"isHiden":false,"NBHFPPPHPMI":1170198240,"OAPDAINJPLD":4025310946,"openConds":[]},"10000015":{"avatarAssocType":"ASSOC_TYPE_MONDSTADT","avatarConstellationAfterTextMapHash":2979025659,"avatarConstellationBeforTextMapHash":1247404986,"avatarDetailTextMapHash":1365496954,"avatarId":10000015,"avatarNativeTextMapHash":2536425521,"avatarTitleTextMapHash":1785544946,"avatarVisionAfterTextMapHash":2469020049,"avatarVisionBeforTextMapHash":4220569804,"cvChineseTextMapHash":2863915758,"cvEnglishTextMapHash":4279338324,"cvJapaneseTextMapHash":3911672888,"cvKoreanTextMapHash":1747324815,"fetterId":107,"finishConds":[{"condType":"FETTER_COND_NOT_OPEN","paramList":[]}],"infoBirthDay":30,"infoBirthMonth":11,"isHiden":false,"NBHFPPPHPMI":3344490616,"OAPDAINJPLD":2879861602,"openConds":[]},"10000016":{"avatarAssocType":"ASSOC_TYPE_MONDSTADT","avatarConstellationAfterTextMapHash":2509127315,"avatarConstellationBeforTextMapHash":2314116250,"avatarDetailTextMapHash":4246347802,"avatarId":10000016,"avatarNativeTextMapHash":3404250905,"avatarTitleTextMapHash":2612198306,"avatarVisionAfterTextMapHash":1443384873,"avatarVisionBeforTextMapHash":627825788,"cvChineseTextMapHash":3191430790,"cvEnglishTextMapHash":2134469124,"cvJapaneseTextMapHash":1865761584,"cvKoreanTextMapHash":1879319503,"fetterId":108,"finishConds":[{"condType":"FETTER_COND_NOT_OPEN","paramList":[]}],"infoBirthDay":30,"infoBirthMonth":4,"isHiden":false,"NBHFPPPHPMI":3799992536,"OAPDAINJPLD":2132002266,"openConds":[]},"10000020":{"avatarAssocType":"ASSOC_TYPE_MONDSTADT","avatarConstellationAfterTextMapHash":2854774203,"avatarConstellationBeforTextMapHash":4052447146,"avatarDetailTextMapHash":2084554490,"avatarId":10000020,"avatarNativeTextMapHash":2122187449,"avatarTitleTextMapHash":2753191042,"avatarVisionAfterTextMapHash":2448013937,"avatarVisionBeforTextMapHash":3352621156,"cvChineseTextMapHash":1758325142,"cvEnglishTextMapHash":2560038812,"cvJapaneseTextMapHash":3412843320,"cvKoreanTextMapHash":3496435439,"fetterId":109,"finishConds":[{"condType":"FETTER_COND_NOT_OPEN","paramList":[]}],"infoBirthDay":9,"infoBirthMonth":9,"isHiden":false,"NBHFPPPHPMI":589426792,"OAPDAINJPLD":287486234,"openConds":[]},"10000021":{"avatarAssocType":"ASSOC_TYPE_MONDSTADT","avatarConstellationAfterTextMapHash":124975747,"avatarConstellationBeforTextMapHash":1404729682,"avatarDetailTextMapHash":3097194818,"avatarId":10000021,"avatarNativeTextMapHash":2695093385,"avatarTitleTextMapHash":1238477178,"avatarVisionAfterTextMapHash":2189787097,"avatarVisionBeforTextMapHash":230082676,"cvChineseTextMapHash":4036914878,"cvEnglishTextMapHash":302898332,"cvJapaneseTextMapHash":2350762192,"cvKoreanTextMapHash":3355468295,"fetterId":110,"finishConds":[{"condType":"FETTER_COND_NOT_OPEN","paramList":[]}],"infoBirthDay":10,"infoBirthMonth":8,"isHiden":false,"NBHFPPPHPMI":3344377064,"OAPDAINJPLD":3117786210,"openConds":[]},"10000022":{"avatarAssocType":"ASSOC_TYPE_MONDSTADT","avatarConstellationAfterTextMapHash":1329004531,"avatarConstellationBeforTextMapHash":2226738162,"avatarDetailTextMapHash":3527710554,"avatarId":10000022,"avatarNativeTextMapHash":2379846137,"avatarTitleTextMapHash":1225242490,"avatarVisionAfterTextMapHash":898621369,"avatarVisionBeforTextMapHash":2075460644,"cvChineseTextMapHash":1085193806,"cvEnglishTextMapHash":1300502628,"cvJapaneseTextMapHash":2801197800,"cvKoreanTextMapHash":4095506519,"fetterId":111,"finishConds":[{"condType":"FETTER_COND_FINISH_QUEST","paramList":[39604]}],"infoBirthDay":16,"infoBirthMonth":6,"isHiden":false,"NBHFPPPHPMI":4209150520,"OAPDAINJPLD":3963077898,"openConds":[]},"10000023":{"avatarAssocType":"ASSOC_TYPE_LIYUE","avatarConstellationAfterTextMapHash":2028029427,"avatarConstellationBeforTextMapHash":1451760122,"avatarDetailTextMapHash":3294048674,"avatarId":10000023,"avatarNativeTextMapHash":1144455177,"avatarTitleTextMapHash":2467527666,"avatarVisionAfterTextMapHash":2356735641,"avatarVisionBeforTextMapHash":1247335084,"cvChineseTextMapHash":3761441798,"cvEnglishTextMapHash":1147555332,"cvJapaneseTextMapHash":1674112200,"cvKoreanTextMapHash":1742822431,"fetterId":112,"finishConds":[{"condType":"FETTER_COND_NOT_OPEN","paramList":[]}],"infoBirthDay":2,"infoBirthMonth":11,"isHiden":false,"NBHFPPPHPMI":2373505632,"OAPDAINJPLD":3772910674,"openConds":[]},"10000024":{"avatarAssocType":"ASSOC_TYPE_LIYUE","avatarConstellationAfterTextMapHash":4085422171,"avatarConstellationBeforTextMapHash":3853657898,"avatarDetailTextMapHash":3138225274,"avatarId":10000024,"avatarNativeTextMapHash":3508028969,"avatarTitleTextMapHash":1152777210,"avatarVisionAfterTextMapHash":3157737289,"avatarVisionBeforTextMapHash":4219874220,"cvChineseTextMapHash":3660164550,"cvEnglishTextMapHash":2562073812,"cvJapaneseTextMapHash":1497735072,"cvKoreanTextMapHash":636211263,"fetterId":113,"finishConds":[{"condType":"FETTER_COND_NOT_OPEN","paramList":[]}],"infoBirthDay":14,"infoBirthMonth":2,"isHiden":false,"NBHFPPPHPMI":1565047208,"OAPDAINJPLD":3233464450,"openConds":[]},"10000025":{"avatarAssocType":"ASSOC_TYPE_LIYUE","avatarConstellationAfterTextMapHash":89315195,"avatarConstellationBeforTextMapHash":2497169002,"avatarDetailTextMapHash":2731162298,"avatarId":10000025,"avatarNativeTextMapHash":1872514577,"avatarTitleTextMapHash":4067465850,"avatarVisionAfterTextMapHash":4151243729,"avatarVisionBeforTextMapHash":2480954540,"cvChineseTextMapHash":4062177694,"cvEnglishTextMapHash":2288174484,"cvJapaneseTextMapHash":3662797544,"cvKoreanTextMapHash":3035055863,"fetterId":114,"finishConds":[{"condType":"FETTER_COND_NOT_OPEN","paramList":[]}],"infoBirthDay":9,"infoBirthMonth":10,"isHiden":false,"NBHFPPPHPMI":1504325904,"OAPDAINJPLD":3832852746,"openConds":[]},"10000026":{"avatarAssocType":"ASSOC_TYPE_LIYUE","avatarConstellationAfterTextMapHash":2421570635,"avatarConstellationBeforTextMapHash":3401180666,"avatarDetailTextMapHash":1863419602,"avatarId":10000026,"avatarNativeTextMapHash":413877289,"avatarTitleTextMapHash":2182504186,"avatarVisionAfterTextMapHash":3648530745,"avatarVisionBeforTextMapHash":550531300,"cvChineseTextMapHash":414772070,"cvEnglishTextMapHash":975590796,"cvJapaneseTextMapHash":2350391048,"cvKoreanTextMapHash":3918463151,"fetterId":115,"finishConds":[{"condType":"FETTER_COND_NOT_OPEN","paramList":[]}],"infoBirthDay":17,"infoBirthMonth":4,"isHiden":false,"NBHFPPPHPMI":2573007264,"OAPDAINJPLD":1043167058,"openConds":[]},"10000027":{"avatarAssocType":"ASSOC_TYPE_LIYUE","avatarConstellationAfterTextMapHash":876868723,"avatarConstellationBeforTextMapHash":20629626,"avatarDetailTextMapHash":1658614834,"avatarId":10000027,"avatarNativeTextMapHash":218189361,"avatarTitleTextMapHash":1976081594,"avatarVisionAfterTextMapHash":735278345,"avatarVisionBeforTextMapHash":1662907292,"cvChineseTextMapHash":452718846,"cvEnglishTextMapHash":1993730884,"cvJapaneseTextMapHash":257900264,"cvKoreanTextMapHash":1098860927,"fetterId":116,"finishConds":[{"condType":"FETTER_COND_NOT_OPEN","paramList":[]}],"infoBirthDay":26,"infoBirthMonth":8,"isHiden":false,"NBHFPPPHPMI":4104085464,"OAPDAINJPLD":2587680970,"openConds":[]},"10000029":{"avatarAssocType":"ASSOC_TYPE_MONDSTADT","avatarConstellationAfterTextMapHash":567731819,"avatarConstellationBeforTextMapHash":2230999650,"avatarDetailTextMapHash":1801721474,"avatarId":10000029,"avatarNativeTextMapHash":702194017,"avatarTitleTextMapHash":1897358210,"avatarVisionAfterTextMapHash":3057376089,"avatarVisionBeforTextMapHash":3847511308,"cvChineseTextMapHash":2371683902,"cvEnglishTextMapHash":718871660,"cvJapaneseTextMapHash":2349322992,"cvKoreanTextMapHash":907548199,"fetterId":117,"finishConds":[{"condType":"FETTER_COND_NOT_OPEN","paramList":[]}],"infoBirthDay":27,"infoBirthMonth":7,"isHiden":false,"NBHFPPPHPMI":3376049832,"OAPDAINJPLD":530625634,"openConds":[]},"10000030":{"avatarAssocType":"ASSOC_TYPE_LIYUE","avatarConstellationAfterTextMapHash":2721221067,"avatarConstellationBeforTextMapHash":1594094098,"avatarDetailTextMapHash":3237080338,"avatarId":10000030,"avatarNativeTextMapHash":3651078097,"avatarTitleTextMapHash":2789626970,"avatarVisionAfterTextMapHash":2507042785,"avatarVisionBeforTextMapHash":967031460,"cvChineseTextMapHash":1454422278,"cvEnglishTextMapHash":3331340660,"cvJapaneseTextMapHash":1183613792,"cvKoreanTextMapHash":4084646031,"fetterId":118,"finishConds":[{"condType":"FETTER_COND_FINISH_QUEST","paramList":[102510]}],"infoBirthDay":31,"infoBirthMonth":12,"isHiden":false,"NBHFPPPHPMI":266760520,"OAPDAINJPLD":1445264402,"openConds":[]},"10000031":{"avatarAssocType":"ASSOC_TYPE_MONDSTADT","avatarConstellationAfterTextMapHash":2276514827,"avatarConstellationBeforTextMapHash":2198842266,"avatarDetailTextMapHash":1139039362,"avatarId":10000031,"avatarNativeTextMapHash":2368787601,"avatarTitleTextMapHash":353285794,"avatarVisionAfterTextMapHash":936354993,"avatarVisionBeforTextMapHash":122554396,"cvChineseTextMapHash":465986718,"cvEnglishTextMapHash":3640880724,"cvJapaneseTextMapHash":132715032,"cvKoreanTextMapHash":3964881647,"fetterId":119,"finishConds":[{"condType":"FETTER_COND_NOT_OPEN","paramList":[]}],"infoBirthDay":27,"infoBirthMonth":5,"isHiden":false,"NBHFPPPHPMI":4265322256,"OAPDAINJPLD":3061470746,"openConds":[]},"10000032":{"avatarAssocType":"ASSOC_TYPE_MONDSTADT","avatarConstellationAfterTextMapHash":1091946987,"avatarConstellationBeforTextMapHash":2225075946,"avatarDetailTextMapHash":1030159626,"avatarId":10000032,"avatarNativeTextMapHash":1181755137,"avatarTitleTextMapHash":1078060234,"avatarVisionAfterTextMapHash":3677050081,"avatarVisionBeforTextMapHash":1740638908,"cvChineseTextMapHash":1972439622,"cvEnglishTextMapHash":1382070500,"cvJapaneseTextMapHash":1456485512,"cvKoreanTextMapHash":681554991,"fetterId":120,"finishConds":[{"condType":"FETTER_COND_NOT_OPEN","paramList":[]}],"infoBirthDay":29,"infoBirthMonth":2,"isHiden":false,"NBHFPPPHPMI":816212776,"OAPDAINJPLD":3242979482,"openConds":[]},"10000033":{"avatarAssocType":"ASSOC_TYPE_FATUI","avatarConstellationAfterTextMapHash":605778827,"avatarConstellationBeforTextMapHash":3423950162,"avatarDetailTextMapHash":3593799522,"avatarId":10000033,"avatarNativeTextMapHash":3774913721,"avatarTitleTextMapHash":3875370554,"avatarVisionAfterTextMapHash":2573101121,"avatarVisionBeforTextMapHash":3646588372,"cvChineseTextMapHash":4246769190,"cvEnglishTextMapHash":4115005636,"cvJapaneseTextMapHash":2938778568,"cvKoreanTextMapHash":1397738367,"fetterId":121,"finishConds":[{"condType":"FETTER_COND_NOT_OPEN","paramList":[]}],"infoBirthDay":20,"infoBirthMonth":7,"isHiden":false,"NBHFPPPHPMI":3943901984,"OAPDAINJPLD":3096737186,"openConds":[]},"10000034":{"avatarAssocType":"ASSOC_TYPE_MONDSTADT","avatarConstellationAfterTextMapHash":1057268155,"avatarConstellationBeforTextMapHash":808906466,"avatarDetailTextMapHash":2464288834,"avatarId":10000034,"avatarNativeTextMapHash":3006274177,"avatarTitleTextMapHash":2339950258,"avatarVisionAfterTextMapHash":3710640289,"avatarVisionBeforTextMapHash":3929787020,"cvChineseTextMapHash":4257440758,"cvEnglishTextMapHash":3349029444,"cvJapaneseTextMapHash":2464221280,"cvKoreanTextMapHash":2318572807,"fetterId":122,"finishConds":[{"condType":"FETTER_COND_NOT_OPEN","paramList":[]}],"infoBirthDay":21,"infoBirthMonth":3,"isHiden":false,"NBHFPPPHPMI":2632094392,"OAPDAINJPLD":3080175658,"openConds":[]},"10000035":{"avatarAssocType":"ASSOC_TYPE_LIYUE","avatarConstellationAfterTextMapHash":44381363,"avatarConstellationBeforTextMapHash":1580087082,"avatarDetailTextMapHash":987428418,"avatarId":10000035,"avatarNativeTextMapHash":802385489,"avatarTitleTextMapHash":2560957650,"avatarVisionAfterTextMapHash":262460977,"avatarVisionBeforTextMapHash":1695600284,"cvChineseTextMapHash":1729369230,"cvEnglishTextMapHash":1881999804,"cvJapaneseTextMapHash":1926245760,"cvKoreanTextMapHash":3538734815,"fetterId":123,"finishConds":[{"condType":"FETTER_COND_NOT_OPEN","paramList":[]}],"infoBirthDay":3,"infoBirthMonth":3,"isHiden":false,"NBHFPPPHPMI":2285572816,"OAPDAINJPLD":1559151498,"openConds":[]},"10000036":{"avatarAssocType":"ASSOC_TYPE_LIYUE","avatarConstellationAfterTextMapHash":895213803,"avatarConstellationBeforTextMapHash":4203973938,"avatarDetailTextMapHash":3590770538,"avatarId":10000036,"avatarNativeTextMapHash":1769238889,"avatarTitleTextMapHash":2804590466,"avatarVisionAfterTextMapHash":1485672225,"avatarVisionBeforTextMapHash":766902996,"cvChineseTextMapHash":1413748758,"cvEnglishTextMapHash":3611302012,"cvJapaneseTextMapHash":1317323504,"cvKoreanTextMapHash":1935455199,"fetterId":124,"finishConds":[{"condType":"FETTER_COND_NOT_OPEN","paramList":[]}],"infoBirthDay":7,"infoBirthMonth":9,"isHiden":false,"NBHFPPPHPMI":1346954368,"OAPDAINJPLD":1925126098,"openConds":[]},"10000037":{"avatarAssocType":"ASSOC_TYPE_LIYUE","avatarConstellationAfterTextMapHash":1513569691,"avatarConstellationBeforTextMapHash":3362074034,"avatarDetailTextMapHash":1747000882,"avatarId":10000037,"avatarNativeTextMapHash":3866698241,"avatarTitleTextMapHash":1902407402,"avatarVisionAfterTextMapHash":22897537,"avatarVisionBeforTextMapHash":862088588,"cvChineseTextMapHash":3511999998,"cvEnglishTextMapHash":866868980,"cvJapaneseTextMapHash":2821438752,"cvKoreanTextMapHash":1371351983,"fetterId":125,"finishConds":[{"condType":"FETTER_COND_NOT_OPEN","paramList":[]}],"infoBirthDay":2,"infoBirthMonth":12,"isHiden":false,"NBHFPPPHPMI":3183090808,"OAPDAINJPLD":1022935738,"openConds":[]},"10000038":{"avatarAssocType":"ASSOC_TYPE_MONDSTADT","avatarConstellationAfterTextMapHash":126964283,"avatarConstellationBeforTextMapHash":4143774770,"avatarDetailTextMapHash":3002069946,"avatarId":10000038,"avatarNativeTextMapHash":371846193,"avatarTitleTextMapHash":3646853002,"avatarVisionAfterTextMapHash":3828063489,"avatarVisionBeforTextMapHash":825986772,"cvChineseTextMapHash":2416424718,"cvEnglishTextMapHash":3188933756,"cvJapaneseTextMapHash":2478938952,"cvKoreanTextMapHash":1418045575,"fetterId":126,"finishConds":[{"condType":"FETTER_COND_NOT_OPEN","paramList":[]}],"infoBirthDay":13,"infoBirthMonth":9,"isHiden":false,"NBHFPPPHPMI":1486000232,"OAPDAINJPLD":3312957898,"openConds":[]},"10000039":{"avatarAssocType":"ASSOC_TYPE_MONDSTADT","avatarConstellationAfterTextMapHash":516952915,"avatarConstellationBeforTextMapHash":2062356506,"avatarDetailTextMapHash":3267731642,"avatarId":10000039,"avatarNativeTextMapHash":967464153,"avatarTitleTextMapHash":955121114,"avatarVisionAfterTextMapHash":924821409,"avatarVisionBeforTextMapHash":4127670180,"cvChineseTextMapHash":41396374,"cvEnglishTextMapHash":3190486524,"cvJapaneseTextMapHash":4045591224,"cvKoreanTextMapHash":3207559823,"fetterId":127,"finishConds":[{"condType":"FETTER_COND_NOT_OPEN","paramList":[]}],"infoBirthDay":18,"infoBirthMonth":1,"isHiden":false,"NBHFPPPHPMI":1156970832,"OAPDAINJPLD":242842482,"openConds":[]},"10000041":{"avatarAssocType":"ASSOC_TYPE_MONDSTADT","avatarConstellationAfterTextMapHash":3963245579,"avatarConstellationBeforTextMapHash":677289434,"avatarDetailTextMapHash":2099446386,"avatarId":10000041,"avatarNativeTextMapHash":1827140513,"avatarTitleTextMapHash":2216682674,"avatarVisionAfterTextMapHash":735012401,"avatarVisionBeforTextMapHash":321258364,"cvChineseTextMapHash":1441549966,"cvEnglishTextMapHash":36373972,"cvJapaneseTextMapHash":950394528,"cvKoreanTextMapHash":3794406463,"fetterId":128,"finishConds":[{"condType":"FETTER_COND_NOT_OPEN","paramList":[]}],"infoBirthDay":31,"infoBirthMonth":8,"isHiden":false,"NBHFPPPHPMI":1790703360,"OAPDAINJPLD":4221654778,"openConds":[]},"10000042":{"avatarAssocType":"ASSOC_TYPE_LIYUE","avatarConstellationAfterTextMapHash":1744331243,"avatarConstellationBeforTextMapHash":3587152074,"avatarDetailTextMapHash":2307865106,"avatarId":10000042,"avatarNativeTextMapHash":4010071745,"avatarTitleTextMapHash":3308312162,"avatarVisionAfterTextMapHash":373974425,"avatarVisionBeforTextMapHash":1821644548,"cvChineseTextMapHash":2566021790,"cvEnglishTextMapHash":276019972,"cvJapaneseTextMapHash":1314550072,"cvKoreanTextMapHash":3586027263,"fetterId":129,"finishConds":[{"condType":"FETTER_COND_NOT_OPEN","paramList":[]}],"infoBirthDay":20,"infoBirthMonth":11,"isHiden":false,"NBHFPPPHPMI":1905310704,"OAPDAINJPLD":316548354,"openConds":[]},"10000043":{"avatarAssocType":"ASSOC_TYPE_MONDSTADT","avatarConstellationAfterTextMapHash":3571098147,"avatarConstellationBeforTextMapHash":4244741386,"avatarDetailTextMapHash":4125000058,"avatarId":10000043,"avatarNativeTextMapHash":2186025825,"avatarTitleTextMapHash":682411194,"avatarVisionAfterTextMapHash":519928233,"avatarVisionBeforTextMapHash":126875444,"cvChineseTextMapHash":309184414,"cvEnglishTextMapHash":1106805724,"cvJapaneseTextMapHash":777642752,"cvKoreanTextMapHash":3790433071,"fetterId":130,"finishConds":[{"condType":"FETTER_COND_NOT_OPEN","paramList":[]}],"infoBirthDay":26,"infoBirthMonth":11,"isHiden":false,"NBHFPPPHPMI":1536116640,"OAPDAINJPLD":434710650,"openConds":[]},"10000044":{"avatarAssocType":"ASSOC_TYPE_LIYUE","avatarConstellationAfterTextMapHash":4100226883,"avatarConstellationBeforTextMapHash":4126360330,"avatarDetailTextMapHash":3355473986,"avatarId":10000044,"avatarNativeTextMapHash":2939616529,"avatarTitleTextMapHash":2007781754,"avatarVisionAfterTextMapHash":3656641129,"avatarVisionBeforTextMapHash":3105283268,"cvChineseTextMapHash":3921936462,"cvEnglishTextMapHash":2272456916,"cvJapaneseTextMapHash":641682520,"cvKoreanTextMapHash":2384659519,"fetterId":131,"finishConds":[{"condType":"FETTER_COND_NOT_OPEN","paramList":[]}],"infoBirthDay":16,"infoBirthMonth":10,"isHiden":false,"NBHFPPPHPMI":448851000,"OAPDAINJPLD":707007002,"openConds":[]},"10000045":{"avatarAssocType":"ASSOC_TYPE_MONDSTADT","avatarConstellationAfterTextMapHash":490664827,"avatarConstellationBeforTextMapHash":3331210802,"avatarDetailTextMapHash":2858258162,"avatarId":10000045,"avatarNativeTextMapHash":1208431633,"avatarTitleTextMapHash":3918225546,"avatarVisionAfterTextMapHash":3452454753,"avatarVisionBeforTextMapHash":2778487532,"cvChineseTextMapHash":1517505318,"cvEnglishTextMapHash":1467808508,"cvJapaneseTextMapHash":3445993248,"cvKoreanTextMapHash":2927759831,"fetterId":133,"finishConds":[{"condType":"FETTER_COND_NOT_OPEN","paramList":[]}],"infoBirthDay":24,"infoBirthMonth":1,"isHiden":false,"NBHFPPPHPMI":2879890864,"OAPDAINJPLD":2464502114,"openConds":[]},"10000046":{"avatarAssocType":"ASSOC_TYPE_LIYUE","avatarConstellationAfterTextMapHash":3861029139,"avatarConstellationBeforTextMapHash":3041688594,"avatarDetailTextMapHash":2488599434,"avatarId":10000046,"avatarNativeTextMapHash":3485382673,"avatarTitleTextMapHash":662587002,"avatarVisionAfterTextMapHash":719537873,"avatarVisionBeforTextMapHash":3112476852,"cvChineseTextMapHash":3694314910,"cvEnglishTextMapHash":2549651252,"cvJapaneseTextMapHash":1286278240,"cvKoreanTextMapHash":291020487,"fetterId":132,"finishConds":[{"condType":"FETTER_COND_NOT_OPEN","paramList":[]}],"infoBirthDay":15,"infoBirthMonth":7,"isHiden":false,"NBHFPPPHPMI":1330364096,"OAPDAINJPLD":1543578802,"openConds":[]},"10000047":{"avatarAssocType":"ASSOC_TYPE_INAZUMA","avatarConstellationAfterTextMapHash":1697359355,"avatarConstellationBeforTextMapHash":1782640050,"avatarDetailTextMapHash":3202001138,"avatarId":10000047,"avatarNativeTextMapHash":3703064921,"avatarTitleTextMapHash":484877954,"avatarVisionAfterTextMapHash":130168969,"avatarVisionBeforTextMapHash":2477900860,"cvChineseTextMapHash":2293363830,"cvEnglishTextMapHash":2619878748,"cvJapaneseTextMapHash":1043658088,"cvKoreanTextMapHash":2590010167,"fetterId":136,"finishConds":[{"condType":"FETTER_COND_NOT_OPEN","paramList":[]}],"infoBirthDay":29,"infoBirthMonth":10,"isHiden":false,"NBHFPPPHPMI":2974574648,"OAPDAINJPLD":3796999538,"openConds":[]},"10000048":{"avatarAssocType":"ASSOC_TYPE_LIYUE","avatarConstellationAfterTextMapHash":3068878723,"avatarConstellationBeforTextMapHash":4078029322,"avatarDetailTextMapHash":1570282706,"avatarId":10000048,"avatarNativeTextMapHash":2280863881,"avatarTitleTextMapHash":1186691770,"avatarVisionAfterTextMapHash":3214350745,"avatarVisionBeforTextMapHash":313529204,"cvChineseTextMapHash":2145440894,"cvEnglishTextMapHash":2096594156,"cvJapaneseTextMapHash":2814295520,"cvKoreanTextMapHash":1293912855,"fetterId":134,"finishConds":[{"condType":"FETTER_COND_NOT_OPEN","paramList":[]}],"infoBirthDay":28,"infoBirthMonth":7,"isHiden":false,"NBHFPPPHPMI":70481312,"OAPDAINJPLD":1808218946,"openConds":[]},"10000049":{"avatarAssocType":"ASSOC_TYPE_INAZUMA","avatarConstellationAfterTextMapHash":896433771,"avatarConstellationBeforTextMapHash":1841952946,"avatarDetailTextMapHash":77669938,"avatarId":10000049,"avatarNativeTextMapHash":235578769,"avatarTitleTextMapHash":422431338,"avatarVisionAfterTextMapHash":2034415441,"avatarVisionBeforTextMapHash":1646245548,"cvChineseTextMapHash":3824775118,"cvEnglishTextMapHash":635183748,"cvJapaneseTextMapHash":2984647568,"cvKoreanTextMapHash":4096971807,"fetterId":137,"finishConds":[{"condType":"FETTER_COND_NOT_OPEN","paramList":[]}],"infoBirthDay":21,"infoBirthMonth":6,"isHiden":false,"NBHFPPPHPMI":1046082232,"OAPDAINJPLD":563824954,"openConds":[]},"10000050":{"avatarAssocType":"ASSOC_TYPE_INAZUMA","avatarConstellationAfterTextMapHash":3300759683,"avatarConstellationBeforTextMapHash":2749427906,"avatarDetailTextMapHash":3621848770,"avatarId":10000050,"avatarNativeTextMapHash":1486341689,"avatarTitleTextMapHash":2157757826,"avatarVisionAfterTextMapHash":1518014265,"avatarVisionBeforTextMapHash":3177381772,"cvChineseTextMapHash":720701894,"cvEnglishTextMapHash":2755173740,"cvJapaneseTextMapHash":1651520080,"cvKoreanTextMapHash":3394774543,"fetterId":50600,"finishConds":[{"condType":"FETTER_COND_NOT_OPEN","paramList":[]}],"infoBirthDay":9,"infoBirthMonth":1,"isHiden":false,"NBHFPPPHPMI":2994130800,"OAPDAINJPLD":2983947082,"openConds":[]},"10000051":{"avatarAssocType":"ASSOC_TYPE_MONDSTADT","avatarConstellationAfterTextMapHash":4077826867,"avatarConstellationBeforTextMapHash":2912362594,"avatarDetailTextMapHash":87994090,"avatarId":10000051,"avatarNativeTextMapHash":2081537529,"avatarTitleTextMapHash":3679187618,"avatarVisionAfterTextMapHash":2857461841,"avatarVisionBeforTextMapHash":98482612,"cvChineseTextMapHash":3297741182,"cvEnglishTextMapHash":393498596,"cvJapaneseTextMapHash":3928491512,"cvKoreanTextMapHash":3009726871,"fetterId":135,"finishConds":[{"condType":"FETTER_COND_NOT_OPEN","paramList":[]}],"infoBirthDay":25,"infoBirthMonth":10,"isHiden":false,"NBHFPPPHPMI":937364480,"OAPDAINJPLD":1287108090,"openConds":[]},"10000052":{"avatarAssocType":"ASSOC_TYPE_INAZUMA","avatarConstellationAfterTextMapHash":3361507539,"avatarConstellationBeforTextMapHash":2211667090,"avatarDetailTextMapHash":1478158106,"avatarId":10000052,"avatarNativeTextMapHash":2339788961,"avatarTitleTextMapHash":3922655010,"avatarVisionAfterTextMapHash":2085306033,"avatarVisionBeforTextMapHash":2689029804,"cvChineseTextMapHash":2225307798,"cvEnglishTextMapHash":1088808028,"cvJapaneseTextMapHash":3912819872,"cvKoreanTextMapHash":3031872143,"fetterId":139,"finishConds":[{"condType":"FETTER_COND_AVATAR_LEVEL","paramList":[1]}],"infoBirthDay":26,"infoBirthMonth":6,"isHiden":false,"NBHFPPPHPMI":3614576216,"OAPDAINJPLD":2748948602,"openConds":[]},"10000053":{"avatarAssocType":"ASSOC_TYPE_INAZUMA","avatarConstellationAfterTextMapHash":1031389603,"avatarConstellationBeforTextMapHash":3872411226,"avatarDetailTextMapHash":4079111402,"avatarId":10000053,"avatarNativeTextMapHash":3474733945,"avatarTitleTextMapHash":1757728074,"avatarVisionAfterTextMapHash":206259425,"avatarVisionBeforTextMapHash":2648184060,"cvChineseTextMapHash":393118902,"cvEnglishTextMapHash":3210378124,"cvJapaneseTextMapHash":1556047408,"cvKoreanTextMapHash":1743312703,"fetterId":138,"finishConds":[{"condType":"FETTER_COND_NOT_OPEN","paramList":[]}],"infoBirthDay":19,"infoBirthMonth":10,"isHiden":false,"NBHFPPPHPMI":2610777688,"OAPDAINJPLD":3694646930,"openConds":[]},"10000054":{"avatarAssocType":"ASSOC_TYPE_INAZUMA","avatarConstellationAfterTextMapHash":718604491,"avatarConstellationBeforTextMapHash":1752197778,"avatarDetailTextMapHash":1510500586,"avatarId":10000054,"avatarNativeTextMapHash":683437921,"avatarTitleTextMapHash":3706226538,"avatarVisionAfterTextMapHash":532522121,"avatarVisionBeforTextMapHash":1688473500,"cvChineseTextMapHash":3905129686,"cvEnglishTextMapHash":709839884,"cvJapaneseTextMapHash":3525763280,"cvKoreanTextMapHash":3056845727,"fetterId":140,"finishConds":[{"condType":"FETTER_COND_NOT_OPEN","paramList":[]}],"infoBirthDay":22,"infoBirthMonth":2,"isHiden":false,"NBHFPPPHPMI":1129842336,"OAPDAINJPLD":2525173970,"openConds":[]},"10000055":{"avatarAssocType":"ASSOC_TYPE_INAZUMA","avatarConstellationAfterTextMapHash":3906648139,"avatarConstellationBeforTextMapHash":1574145170,"avatarDetailTextMapHash":194478258,"avatarId":10000055,"avatarNativeTextMapHash":3031398817,"avatarTitleTextMapHash":1890326034,"avatarVisionAfterTextMapHash":2297824401,"avatarVisionBeforTextMapHash":1016213980,"cvChineseTextMapHash":3391678678,"cvEnglishTextMapHash":2508657724,"cvJapaneseTextMapHash":55309024,"cvKoreanTextMapHash":3333163887,"fetterId":55600,"finishConds":[{"condType":"FETTER_COND_NOT_OPEN","paramList":[]}],"infoBirthDay":18,"infoBirthMonth":5,"isHiden":false,"NBHFPPPHPMI":3203768184,"OAPDAINJPLD":2980534154,"openConds":[]},"10000056":{"avatarAssocType":"ASSOC_TYPE_INAZUMA","avatarConstellationAfterTextMapHash":3463988355,"avatarConstellationBeforTextMapHash":912981282,"avatarDetailTextMapHash":3576556674,"avatarId":10000056,"avatarNativeTextMapHash":639139097,"avatarTitleTextMapHash":2295939930,"avatarVisionAfterTextMapHash":4018363097,"avatarVisionBeforTextMapHash":608089036,"cvChineseTextMapHash":2167487798,"cvEnglishTextMapHash":520650924,"cvJapaneseTextMapHash":1441667000,"cvKoreanTextMapHash":666191887,"fetterId":141,"finishConds":[{"condType":"FETTER_COND_NOT_OPEN","paramList":[]}],"infoBirthDay":14,"infoBirthMonth":7,"isHiden":false,"NBHFPPPHPMI":2517818952,"OAPDAINJPLD":3706831450,"openConds":[]},"10000057":{"avatarAssocType":"ASSOC_TYPE_INAZUMA","avatarConstellationAfterTextMapHash":1667338307,"avatarConstellationBeforTextMapHash":1196020994,"avatarDetailTextMapHash":1595289146,"avatarId":10000057,"avatarNativeTextMapHash":1303956273,"avatarTitleTextMapHash":2604770706,"avatarVisionAfterTextMapHash":3467232769,"avatarVisionBeforTextMapHash":3617274620,"cvChineseTextMapHash":1899801486,"cvEnglishTextMapHash":941909100,"cvJapaneseTextMapHash":2882319304,"cvKoreanTextMapHash":2058994895,"fetterId":57600,"finishConds":[{"condType":"FETTER_COND_NOT_OPEN","paramList":[]}],"infoBirthDay":1,"infoBirthMonth":6,"isHiden":false,"NBHFPPPHPMI":2127793120,"OAPDAINJPLD":2192186834,"openConds":[]},"10000058":{"avatarAssocType":"ASSOC_TYPE_INAZUMA","avatarConstellationAfterTextMapHash":3203852891,"avatarConstellationBeforTextMapHash":2170266186,"avatarDetailTextMapHash":458309866,"avatarId":10000058,"avatarNativeTextMapHash":2162789625,"avatarTitleTextMapHash":1488134754,"avatarVisionAfterTextMapHash":2330511321,"avatarVisionBeforTextMapHash":2143937940,"cvChineseTextMapHash":200172646,"cvEnglishTextMapHash":3006410060,"cvJapaneseTextMapHash":2793962400,"cvKoreanTextMapHash":1281330663,"fetterId":58600,"finishConds":[{"condType":"FETTER_COND_NOT_OPEN","paramList":[]}],"infoBirthDay":27,"infoBirthMonth":6,"isHiden":false,"NBHFPPPHPMI":1201755288,"OAPDAINJPLD":182018,"openConds":[]},"10000059":{"avatarAssocType":"ASSOC_TYPE_INAZUMA","avatarConstellationAfterTextMapHash":843597763,"avatarConstellationBeforTextMapHash":536290178,"avatarDetailTextMapHash":1643709354,"avatarId":10000059,"avatarNativeTextMapHash":193374057,"avatarTitleTextMapHash":4014506362,"avatarVisionAfterTextMapHash":1395432457,"avatarVisionBeforTextMapHash":1778251796,"cvChineseTextMapHash":3316269318,"cvEnglishTextMapHash":2861659036,"cvJapaneseTextMapHash":3267244704,"cvKoreanTextMapHash":2667157559,"fetterId":59600,"finishConds":[{"condType":"FETTER_COND_NOT_OPEN","paramList":[]}],"infoBirthDay":24,"infoBirthMonth":7,"isHiden":false,"NBHFPPPHPMI":3576490936,"OAPDAINJPLD":428859770,"openConds":[]},"10000060":{"avatarAssocType":"ASSOC_TYPE_LIYUE","avatarConstellationAfterTextMapHash":1424613211,"avatarConstellationBeforTextMapHash":1929498690,"avatarDetailTextMapHash":2989616018,"avatarId":10000060,"avatarNativeTextMapHash":3107636921,"avatarTitleTextMapHash":144441626,"avatarVisionAfterTextMapHash":1360252865,"avatarVisionBeforTextMapHash":3400532572,"cvChineseTextMapHash":3515853070,"cvEnglishTextMapHash":225791116,"cvJapaneseTextMapHash":3484305312,"cvKoreanTextMapHash":2969110199,"fetterId":60600,"finishConds":[{"condType":"FETTER_COND_NOT_OPEN","paramList":[]}],"infoBirthDay":20,"infoBirthMonth":4,"isHiden":false,"NBHFPPPHPMI":3281808952,"OAPDAINJPLD":3763195346,"openConds":[]},"10000061":{"avatarAssocType":"ASSOC_TYPE_INAZUMA","avatarConstellationAfterTextMapHash":1922716547,"avatarConstellationBeforTextMapHash":1610912066,"avatarDetailTextMapHash":882707162,"avatarId":10000061,"avatarNativeTextMapHash":1542258465,"avatarTitleTextMapHash":3294635634,"avatarVisionAfterTextMapHash":3259184641,"avatarVisionBeforTextMapHash":2084699444,"cvChineseTextMapHash":223495054,"cvEnglishTextMapHash":3257056228,"cvJapaneseTextMapHash":2692019064,"cvKoreanTextMapHash":418504743,"fetterId":61600,"finishConds":[{"condType":"FETTER_COND_NOT_OPEN","paramList":[]}],"infoBirthDay":22,"infoBirthMonth":1,"isHiden":false,"NBHFPPPHPMI":1938766776,"OAPDAINJPLD":3272647706,"openConds":[]},"10000062":{"avatarAssocType":"ASSOC_TYPE_RANGER","avatarConstellationAfterTextMapHash":2748691939,"avatarConstellationBeforTextMapHash":1620998442,"avatarDetailTextMapHash":2522784722,"avatarId":10000062,"avatarNativeTextMapHash":2988346225,"avatarTitleTextMapHash":3657688538,"avatarVisionAfterTextMapHash":378832241,"avatarVisionBeforTextMapHash":1480674860,"cvChineseTextMapHash":1648706814,"cvEnglishTextMapHash":1615682572,"cvJapaneseTextMapHash":4143563824,"cvKoreanTextMapHash":3219821695,"fetterId":142,"finishConds":[{"condType":"FETTER_COND_NOT_OPEN","paramList":[]}],"infoBirthDay":4,"infoBirthMonth":4,"isHiden":false,"NBHFPPPHPMI":1529106560,"OAPDAINJPLD":3178906154,"openConds":[]},"10000063":{"avatarAssocType":"ASSOC_TYPE_LIYUE","avatarConstellationAfterTextMapHash":1819308507,"avatarConstellationBeforTextMapHash":2040902610,"avatarDetailTextMapHash":1428853842,"avatarId":10000063,"avatarNativeTextMapHash":3755848081,"avatarTitleTextMapHash":1527983530,"avatarVisionAfterTextMapHash":3905457809,"avatarVisionBeforTextMapHash":2809830820,"cvChineseTextMapHash":2609607934,"cvEnglishTextMapHash":2662606092,"cvJapaneseTextMapHash":2028468440,"cvKoreanTextMapHash":3537366703,"fetterId":63600,"finishConds":[{"condType":"FETTER_COND_NOT_OPEN","paramList":[]}],"infoBirthDay":10,"infoBirthMonth":3,"isHiden":false,"NBHFPPPHPMI":2908267544,"OAPDAINJPLD":2492610666,"openConds":[]},"10000064":{"avatarAssocType":"ASSOC_TYPE_LIYUE","avatarConstellationAfterTextMapHash":3908001795,"avatarConstellationBeforTextMapHash":3086360386,"avatarDetailTextMapHash":2551483266,"avatarId":10000064,"avatarNativeTextMapHash":1045159985,"avatarTitleTextMapHash":1737472474,"avatarVisionAfterTextMapHash":1258443353,"avatarVisionBeforTextMapHash":3219124204,"cvChineseTextMapHash":883286710,"cvEnglishTextMapHash":375803180,"cvJapaneseTextMapHash":117229856,"cvKoreanTextMapHash":2929476623,"fetterId":64600,"finishConds":[{"condType":"FETTER_COND_NOT_OPEN","paramList":[]}],"infoBirthDay":21,"infoBirthMonth":5,"isHiden":false,"NBHFPPPHPMI":236539752,"OAPDAINJPLD":485599842,"openConds":[]},"10000065":{"avatarAssocType":"ASSOC_TYPE_INAZUMA","avatarConstellationAfterTextMapHash":2265558867,"avatarConstellationBeforTextMapHash":1722980498,"avatarDetailTextMapHash":1310009266,"avatarId":10000065,"avatarNativeTextMapHash":3306526777,"avatarTitleTextMapHash":1098938354,"avatarVisionAfterTextMapHash":2001955905,"avatarVisionBeforTextMapHash":689445588,"cvChineseTextMapHash":2409512318,"cvEnglishTextMapHash":248602900,"cvJapaneseTextMapHash":4221362976,"cvKoreanTextMapHash":3787552607,"fetterId":65600,"finishConds":[{"condType":"FETTER_COND_NOT_OPEN","paramList":[]}],"infoBirthDay":27,"infoBirthMonth":7,"isHiden":false,"NBHFPPPHPMI":1525990808,"OAPDAINJPLD":2799206930,"openConds":[]},"10000066":{"avatarAssocType":"ASSOC_TYPE_INAZUMA","avatarConstellationAfterTextMapHash":2987063907,"avatarConstellationBeforTextMapHash":3121506370,"avatarDetailTextMapHash":1492104922,"avatarId":10000066,"avatarNativeTextMapHash":3868131161,"avatarTitleTextMapHash":448523378,"avatarVisionAfterTextMapHash":2932212113,"avatarVisionBeforTextMapHash":756679372,"cvChineseTextMapHash":2668474270,"cvEnglishTextMapHash":107947556,"cvJapaneseTextMapHash":1135869512,"cvKoreanTextMapHash":2443241887,"fetterId":66600,"finishConds":[{"condType":"FETTER_COND_NOT_OPEN","paramList":[]}],"infoBirthDay":26,"infoBirthMonth":3,"isHiden":false,"NBHFPPPHPMI":2474114032,"OAPDAINJPLD":1367053962,"openConds":[]},"10000067":{"avatarAssocType":"ASSOC_TYPE_SUMERU","avatarConstellationAfterTextMapHash":930441339,"avatarConstellationBeforTextMapHash":1135583386,"avatarDetailTextMapHash":473409506,"avatarId":10000067,"avatarNativeTextMapHash":3683659841,"avatarTitleTextMapHash":3714185090,"avatarVisionAfterTextMapHash":2697108833,"avatarVisionBeforTextMapHash":4017448612,"cvChineseTextMapHash":2768326286,"cvEnglishTextMapHash":325369020,"cvJapaneseTextMapHash":201641504,"cvKoreanTextMapHash":1313657191,"fetterId":67600,"finishConds":[{"condType":"FETTER_COND_NOT_OPEN","paramList":[]}],"infoBirthDay":8,"infoBirthMonth":5,"isHiden":false,"NBHFPPPHPMI":4230835400,"OAPDAINJPLD":3206584826,"openConds":[]},"10000068":{"avatarAssocType":"ASSOC_TYPE_SUMERU","avatarConstellationAfterTextMapHash":2229594011,"avatarConstellationBeforTextMapHash":3012601882,"avatarDetailTextMapHash":1490694082,"avatarId":10000068,"avatarNativeTextMapHash":3940327097,"avatarTitleTextMapHash":3848819674,"avatarVisionAfterTextMapHash":432178697,"avatarVisionBeforTextMapHash":1843086100,"cvChineseTextMapHash":3797410094,"cvEnglishTextMapHash":1121107132,"cvJapaneseTextMapHash":673006928,"cvKoreanTextMapHash":598685287,"fetterId":68600,"finishConds":[{"condType":"FETTER_COND_NOT_OPEN","paramList":[]}],"infoBirthDay":21,"infoBirthMonth":12,"isHiden":false,"NBHFPPPHPMI":1909131408,"OAPDAINJPLD":229658114,"openConds":[]},"10000069":{"avatarAssocType":"ASSOC_TYPE_SUMERU","avatarConstellationAfterTextMapHash":647317707,"avatarConstellationBeforTextMapHash":18086514,"avatarDetailTextMapHash":3478695082,"avatarId":10000069,"avatarNativeTextMapHash":609106153,"avatarTitleTextMapHash":3265594242,"avatarVisionAfterTextMapHash":488863433,"avatarVisionBeforTextMapHash":2161032364,"cvChineseTextMapHash":2107867734,"cvEnglishTextMapHash":3536581588,"cvJapaneseTextMapHash":2237722088,"cvKoreanTextMapHash":1817820311,"fetterId":69600,"finishConds":[{"condType":"FETTER_COND_NOT_OPEN","paramList":[]}],"infoBirthDay":29,"infoBirthMonth":12,"isHiden":false,"NBHFPPPHPMI":1553961784,"OAPDAINJPLD":1904260938,"openConds":[]},"10000070":{"avatarAssocType":"ASSOC_TYPE_SUMERU","avatarConstellationAfterTextMapHash":1572050475,"avatarConstellationBeforTextMapHash":4233109642,"avatarDetailTextMapHash":3517922962,"avatarId":10000070,"avatarNativeTextMapHash":2136998417,"avatarTitleTextMapHash":2558588218,"avatarVisionAfterTextMapHash":2803900457,"avatarVisionBeforTextMapHash":483165900,"cvChineseTextMapHash":1034330350,"cvEnglishTextMapHash":578824684,"cvJapaneseTextMapHash":2850202184,"cvKoreanTextMapHash":973556295,"fetterId":70600,"finishConds":[{"condType":"FETTER_COND_NOT_OPEN","paramList":[]}],"infoBirthDay":3,"infoBirthMonth":12,"isHiden":false,"NBHFPPPHPMI":250808280,"OAPDAINJPLD":2492539114,"openConds":[]},"10000071":{"avatarAssocType":"ASSOC_TYPE_SUMERU","avatarConstellationAfterTextMapHash":2791041171,"avatarConstellationBeforTextMapHash":2651954010,"avatarDetailTextMapHash":3565246018,"avatarId":10000071,"avatarNativeTextMapHash":1402968689,"avatarTitleTextMapHash":3695276266,"avatarVisionAfterTextMapHash":2071410321,"avatarVisionBeforTextMapHash":1072755468,"cvChineseTextMapHash":842028830,"cvEnglishTextMapHash":2600897892,"cvJapaneseTextMapHash":4131341896,"cvKoreanTextMapHash":917013751,"fetterId":71600,"finishConds":[{"condType":"FETTER_COND_NOT_OPEN","paramList":[]}],"infoBirthDay":23,"infoBirthMonth":6,"isHiden":false,"NBHFPPPHPMI":4060290960,"OAPDAINJPLD":3352059562,"openConds":[]},"10000072":{"avatarAssocType":"ASSOC_TYPE_SUMERU","avatarConstellationAfterTextMapHash":2228487675,"avatarConstellationBeforTextMapHash":1078252442,"avatarDetailTextMapHash":1266475946,"avatarId":10000072,"avatarNativeTextMapHash":1037867201,"avatarTitleTextMapHash":260307914,"avatarVisionAfterTextMapHash":2320032129,"avatarVisionBeforTextMapHash":3228108484,"cvChineseTextMapHash":1888280046,"cvEnglishTextMapHash":2409911636,"cvJapaneseTextMapHash":1004041320,"cvKoreanTextMapHash":2721876559,"fetterId":72600,"finishConds":[{"condType":"FETTER_COND_NOT_OPEN","paramList":[]}],"infoBirthDay":3,"infoBirthMonth":5,"isHiden":false,"NBHFPPPHPMI":9996888,"OAPDAINJPLD":3328989922,"openConds":[]},"10000073":{"avatarAssocType":"ASSOC_TYPE_SUMERU","avatarConstellationAfterTextMapHash":3999086403,"avatarConstellationBeforTextMapHash":3107413186,"avatarDetailTextMapHash":2412105602,"avatarId":10000073,"avatarNativeTextMapHash":1022176185,"avatarTitleTextMapHash":1137340338,"avatarVisionAfterTextMapHash":2239640617,"avatarVisionBeforTextMapHash":1847176908,"cvChineseTextMapHash":552185750,"cvEnglishTextMapHash":2754808964,"cvJapaneseTextMapHash":2973516840,"cvKoreanTextMapHash":4188248303,"fetterId":73600,"finishConds":[{"condType":"FETTER_COND_AVATAR_LEVEL","paramList":[1]}],"infoBirthDay":27,"infoBirthMonth":10,"isHiden":false,"NBHFPPPHPMI":1312247808,"OAPDAINJPLD":3517338538,"openConds":[]},"10000074":{"avatarAssocType":"ASSOC_TYPE_SUMERU","avatarConstellationAfterTextMapHash":2425662555,"avatarConstellationBeforTextMapHash":4213464010,"avatarDetailTextMapHash":2237383218,"avatarId":10000074,"avatarNativeTextMapHash":329987473,"avatarTitleTextMapHash":3090378778,"avatarVisionAfterTextMapHash":1278207713,"avatarVisionBeforTextMapHash":3310700468,"cvChineseTextMapHash":2048973342,"cvEnglishTextMapHash":220491468,"cvJapaneseTextMapHash":3341347776,"cvKoreanTextMapHash":1396309311,"fetterId":74600,"finishConds":[{"condType":"FETTER_COND_NOT_OPEN","paramList":[]}],"infoBirthDay":19,"infoBirthMonth":12,"isHiden":false,"NBHFPPPHPMI":212707488,"OAPDAINJPLD":16426098,"openConds":[]},"10000075":{"avatarAssocType":"ASSOC_TYPE_SUMERU","avatarConstellationAfterTextMapHash":1949628451,"avatarConstellationBeforTextMapHash":2549749394,"avatarDetailTextMapHash":3954453410,"avatarId":10000075,"avatarNativeTextMapHash":672517425,"avatarTitleTextMapHash":3790608850,"avatarVisionAfterTextMapHash":581746209,"avatarVisionBeforTextMapHash":2485715868,"cvChineseTextMapHash":630337230,"cvEnglishTextMapHash":1920018716,"cvJapaneseTextMapHash":3262932968,"cvKoreanTextMapHash":3493037495,"fetterId":75600,"finishConds":[{"condType":"FETTER_COND_NOT_OPEN","paramList":[]}],"infoBirthDay":3,"infoBirthMonth":1,"isHiden":false,"NBHFPPPHPMI":3137316592,"OAPDAINJPLD":3143560970,"openConds":[]},"10000076":{"avatarAssocType":"ASSOC_TYPE_SUMERU","avatarConstellationAfterTextMapHash":3383210155,"avatarConstellationBeforTextMapHash":3178353930,"avatarDetailTextMapHash":3768390994,"avatarId":10000076,"avatarNativeTextMapHash":218331129,"avatarTitleTextMapHash":2857055778,"avatarVisionAfterTextMapHash":1557386273,"avatarVisionBeforTextMapHash":296824772,"cvChineseTextMapHash":2438790894,"cvEnglishTextMapHash":2151331996,"cvJapaneseTextMapHash":2248744704,"cvKoreanTextMapHash":1387966575,"fetterId":76600,"finishConds":[{"condType":"FETTER_COND_NOT_OPEN","paramList":[]}],"infoBirthDay":20,"infoBirthMonth":8,"isHiden":false,"NBHFPPPHPMI":1757404288,"OAPDAINJPLD":3249421794,"openConds":[]},"10000077":{"avatarAssocType":"ASSOC_TYPE_LIYUE","avatarConstellationAfterTextMapHash":3791803347,"avatarConstellationBeforTextMapHash":2612702186,"avatarDetailTextMapHash":945268338,"avatarId":10000077,"avatarNativeTextMapHash":3131758945,"avatarTitleTextMapHash":4049421714,"avatarVisionAfterTextMapHash":47990377,"avatarVisionBeforTextMapHash":2196844884,"cvChineseTextMapHash":1056737670,"cvEnglishTextMapHash":3003270908,"cvJapaneseTextMapHash":4014441608,"cvKoreanTextMapHash":3944947359,"fetterId":77600,"finishConds":[{"condType":"FETTER_COND_NOT_OPEN","paramList":[]}],"infoBirthDay":6,"infoBirthMonth":3,"isHiden":false,"NBHFPPPHPMI":2528843464,"OAPDAINJPLD":2178684362,"openConds":[]},"10000078":{"avatarAssocType":"ASSOC_TYPE_SUMERU","avatarConstellationAfterTextMapHash":2757789923,"avatarConstellationBeforTextMapHash":3211479602,"avatarDetailTextMapHash":1285637210,"avatarId":10000078,"avatarNativeTextMapHash":1874945657,"avatarTitleTextMapHash":1747432458,"avatarVisionAfterTextMapHash":2263146353,"avatarVisionBeforTextMapHash":3790078868,"cvChineseTextMapHash":2510192286,"cvEnglishTextMapHash":694204716,"cvJapaneseTextMapHash":974189808,"cvKoreanTextMapHash":1048768247,"fetterId":78600,"finishConds":[{"condType":"FETTER_COND_NOT_OPEN","paramList":[]}],"infoBirthDay":11,"infoBirthMonth":2,"isHiden":false,"NBHFPPPHPMI":692510816,"OAPDAINJPLD":3853784290,"openConds":[]},"10000079":{"avatarAssocType":"ASSOC_TYPE_SUMERU","avatarConstellationAfterTextMapHash":3736403947,"avatarConstellationBeforTextMapHash":2948453418,"avatarDetailTextMapHash":1487639730,"avatarId":10000079,"avatarNativeTextMapHash":3915336713,"avatarTitleTextMapHash":1079010306,"avatarVisionAfterTextMapHash":1476165449,"avatarVisionBeforTextMapHash":1720193036,"cvChineseTextMapHash":3954004070,"cvEnglishTextMapHash":1147319956,"cvJapaneseTextMapHash":3391811664,"cvKoreanTextMapHash":1226626351,"fetterId":79600,"finishConds":[{"condType":"FETTER_COND_NOT_OPEN","paramList":[]}],"infoBirthDay":7,"infoBirthMonth":4,"isHiden":false,"NBHFPPPHPMI":3376736240,"OAPDAINJPLD":4248163026,"openConds":[]},"10000080":{"avatarAssocType":"ASSOC_TYPE_MONDSTADT","avatarConstellationAfterTextMapHash":1919959643,"avatarConstellationBeforTextMapHash":792782874,"avatarDetailTextMapHash":2734451114,"avatarId":10000080,"avatarNativeTextMapHash":2043902721,"avatarTitleTextMapHash":3144322938,"avatarVisionAfterTextMapHash":2722136921,"avatarVisionBeforTextMapHash":1295625244,"cvChineseTextMapHash":2995002326,"cvEnglishTextMapHash":3060244500,"cvJapaneseTextMapHash":708799776,"cvKoreanTextMapHash":2410653255,"fetterId":80600,"finishConds":[{"condType":"FETTER_COND_NOT_OPEN","paramList":[]}],"infoBirthDay":11,"infoBirthMonth":8,"isHiden":false,"NBHFPPPHPMI":1137105328,"OAPDAINJPLD":1653115202,"openConds":[]},"10000081":{"avatarAssocType":"ASSOC_TYPE_SUMERU","avatarConstellationAfterTextMapHash":2891336083,"avatarConstellationBeforTextMapHash":1259949786,"avatarDetailTextMapHash":477218418,"avatarId":10000081,"avatarNativeTextMapHash":4196831209,"avatarTitleTextMapHash":18885306,"avatarVisionAfterTextMapHash":3685338753,"avatarVisionBeforTextMapHash":2596397668,"cvChineseTextMapHash":1039834990,"cvEnglishTextMapHash":3769388124,"cvJapaneseTextMapHash":1182342256,"cvKoreanTextMapHash":3452014007,"fetterId":81600,"finishConds":[{"condType":"FETTER_COND_NOT_OPEN","paramList":[]}],"infoBirthDay":9,"infoBirthMonth":7,"isHiden":false,"NBHFPPPHPMI":2841398600,"OAPDAINJPLD":4184135658,"openConds":[]},"10000082":{"avatarAssocType":"ASSOC_TYPE_LIYUE","avatarConstellationAfterTextMapHash":2368317523,"avatarConstellationBeforTextMapHash":1283071826,"avatarDetailTextMapHash":3584266538,"avatarId":10000082,"avatarNativeTextMapHash":1371436473,"avatarTitleTextMapHash":3839498106,"avatarVisionAfterTextMapHash":871804721,"avatarVisionBeforTextMapHash":302902244,"cvChineseTextMapHash":3018580542,"cvEnglishTextMapHash":2052519700,"cvJapaneseTextMapHash":3796478048,"cvKoreanTextMapHash":1270019695,"fetterId":82600,"finishConds":[{"condType":"FETTER_COND_NOT_OPEN","paramList":[]}],"infoBirthDay":25,"infoBirthMonth":4,"isHiden":false,"NBHFPPPHPMI":3456405544,"OAPDAINJPLD":1407699202,"openConds":[]},"10000083":{"avatarAssocType":"ASSOC_TYPE_FONTAINE","avatarConstellationAfterTextMapHash":3168848315,"avatarConstellationBeforTextMapHash":42240306,"avatarDetailTextMapHash":2276870554,"avatarId":10000083,"avatarNativeTextMapHash":3277831097,"avatarTitleTextMapHash":1033214146,"avatarVisionAfterTextMapHash":3381109377,"avatarVisionBeforTextMapHash":2599845212,"cvChineseTextMapHash":851990838,"cvEnglishTextMapHash":3631211396,"cvJapaneseTextMapHash":2470048296,"cvKoreanTextMapHash":3864832511,"fetterId":83600,"finishConds":[{"condType":"FETTER_COND_NOT_OPEN","paramList":[]}],"infoBirthDay":2,"infoBirthMonth":2,"isHiden":false,"NBHFPPPHPMI":1683986536,"OAPDAINJPLD":1459554010,"openConds":[]},"10000084":{"avatarAssocType":"ASSOC_TYPE_FONTAINE","avatarConstellationAfterTextMapHash":2706910523,"avatarConstellationBeforTextMapHash":2699749050,"avatarDetailTextMapHash":3474221690,"avatarId":10000084,"avatarNativeTextMapHash":3391825985,"avatarTitleTextMapHash":1298389802,"avatarVisionAfterTextMapHash":2945525681,"avatarVisionBeforTextMapHash":413121884,"cvChineseTextMapHash":4146533574,"cvEnglishTextMapHash":1578016860,"cvJapaneseTextMapHash":587136824,"cvKoreanTextMapHash":3914694959,"fetterId":84600,"finishConds":[{"condType":"FETTER_COND_NOT_OPEN","paramList":[]}],"infoBirthDay":2,"infoBirthMonth":2,"isHiden":false,"NBHFPPPHPMI":3531058904,"OAPDAINJPLD":1469023698,"openConds":[]},"10000085":{"avatarAssocType":"ASSOC_TYPE_FONTAINE","avatarConstellationAfterTextMapHash":3879680403,"avatarConstellationBeforTextMapHash":850970138,"avatarDetailTextMapHash":2878178530,"avatarId":10000085,"avatarNativeTextMapHash":2748698681,"avatarTitleTextMapHash":3824251530,"avatarVisionAfterTextMapHash":1041387777,"avatarVisionBeforTextMapHash":2379581852,"cvChineseTextMapHash":1748342318,"cvEnglishTextMapHash":2819256924,"cvJapaneseTextMapHash":558999088,"cvKoreanTextMapHash":404035207,"fetterId":85600,"finishConds":[{"condType":"FETTER_COND_NOT_OPEN","paramList":[]}],"infoBirthDay":24,"infoBirthMonth":9,"isHiden":false,"NBHFPPPHPMI":1277702200,"OAPDAINJPLD":4000601530,"openConds":[]},"10000086":{"avatarAssocType":"ASSOC_TYPE_FONTAINE","avatarConstellationAfterTextMapHash":1410843219,"avatarConstellationBeforTextMapHash":1541133810,"avatarDetailTextMapHash":1595742610,"avatarId":10000086,"avatarNativeTextMapHash":2159068001,"avatarTitleTextMapHash":1614804522,"avatarVisionAfterTextMapHash":2362211441,"avatarVisionBeforTextMapHash":5532,"cvChineseTextMapHash":4018002582,"cvEnglishTextMapHash":2090362484,"cvJapaneseTextMapHash":136095792,"cvKoreanTextMapHash":2957578959,"fetterId":86600,"finishConds":[{"condType":"FETTER_COND_NOT_OPEN","paramList":[]}],"infoBirthDay":23,"infoBirthMonth":11,"isHiden":false,"NBHFPPPHPMI":199541904,"OAPDAINJPLD":639897322,"openConds":[]},"10000087":{"avatarAssocType":"ASSOC_TYPE_FONTAINE","avatarConstellationAfterTextMapHash":1525610219,"avatarConstellationBeforTextMapHash":3286900818,"avatarDetailTextMapHash":3392552986,"avatarId":10000087,"avatarNativeTextMapHash":1846030865,"avatarTitleTextMapHash":129466210,"avatarVisionAfterTextMapHash":2047555449,"avatarVisionBeforTextMapHash":524891220,"cvChineseTextMapHash":766917302,"cvEnglishTextMapHash":1370771460,"cvJapaneseTextMapHash":4115082936,"cvKoreanTextMapHash":706784415,"fetterId":87600,"finishConds":[{"condType":"FETTER_COND_FINISH_QUEST","paramList":[401906]}],"infoBirthDay":18,"infoBirthMonth":12,"isHiden":false,"NBHFPPPHPMI":4194541152,"OAPDAINJPLD":923454994,"openConds":[]},"10000088":{"avatarAssocType":"ASSOC_TYPE_FONTAINE","avatarConstellationAfterTextMapHash":1158593283,"avatarConstellationBeforTextMapHash":2161973858,"avatarDetailTextMapHash":3083904506,"avatarId":10000088,"avatarNativeTextMapHash":913098609,"avatarTitleTextMapHash":1693018890,"avatarVisionAfterTextMapHash":53003825,"avatarVisionBeforTextMapHash":1758361724,"cvChineseTextMapHash":2958650934,"cvEnglishTextMapHash":1141696676,"cvJapaneseTextMapHash":2509122128,"cvKoreanTextMapHash":1455505759,"fetterId":88600,"finishConds":[{"condType":"FETTER_COND_NOT_OPEN","paramList":[]}],"infoBirthDay":10,"infoBirthMonth":4,"isHiden":false,"NBHFPPPHPMI":1518900080,"OAPDAINJPLD":1444268562,"openConds":[]},"10000089":{"avatarAssocType":"ASSOC_TYPE_FONTAINE","avatarConstellationAfterTextMapHash":353431851,"avatarConstellationBeforTextMapHash":3172443770,"avatarDetailTextMapHash":3897247930,"avatarId":10000089,"avatarNativeTextMapHash":2156420105,"avatarTitleTextMapHash":1998143314,"avatarVisionAfterTextMapHash":1807841793,"avatarVisionBeforTextMapHash":362824036,"cvChineseTextMapHash":2843738366,"cvEnglishTextMapHash":1880686964,"cvJapaneseTextMapHash":1022992704,"cvKoreanTextMapHash":707842223,"fetterId":89600,"finishConds":[{"condType":"FETTER_COND_FINISH_QUEST","paramList":[1401209]}],"infoBirthDay":13,"infoBirthMonth":10,"isHiden":false,"NBHFPPPHPMI":3440757512,"OAPDAINJPLD":1691740442,"openConds":[]},"10000090":{"avatarAssocType":"ASSOC_TYPE_FONTAINE","avatarConstellationAfterTextMapHash":2534594635,"avatarConstellationBeforTextMapHash":2735454538,"avatarDetailTextMapHash":3863752658,"avatarId":10000090,"avatarNativeTextMapHash":1786148945,"avatarTitleTextMapHash":2576986026,"avatarVisionAfterTextMapHash":1630200041,"avatarVisionBeforTextMapHash":1477821100,"cvChineseTextMapHash":4079209518,"cvEnglishTextMapHash":3057584764,"cvJapaneseTextMapHash":3694319824,"cvKoreanTextMapHash":411130439,"fetterId":90600,"finishConds":[{"condType":"FETTER_COND_NOT_OPEN","paramList":[]}],"infoBirthDay":10,"infoBirthMonth":1,"isHiden":false,"NBHFPPPHPMI":2325357464,"OAPDAINJPLD":1556313954,"openConds":[]},"10000091":{"avatarAssocType":"ASSOC_TYPE_FONTAINE","avatarConstellationAfterTextMapHash":2497274579,"avatarConstellationBeforTextMapHash":785421794,"avatarDetailTextMapHash":3521032186,"avatarId":10000091,"avatarNativeTextMapHash":1823436737,"avatarTitleTextMapHash":2673266866,"avatarVisionAfterTextMapHash":2666130449,"avatarVisionBeforTextMapHash":187624284,"cvChineseTextMapHash":761553894,"cvEnglishTextMapHash":1777724812,"cvJapaneseTextMapHash":495098840,"cvKoreanTextMapHash":2718641023,"fetterId":91600,"finishConds":[{"condType":"FETTER_COND_NOT_OPEN","paramList":[]}],"infoBirthDay":16,"infoBirthMonth":8,"isHiden":false,"NBHFPPPHPMI":3074822128,"OAPDAINJPLD":3524742858,"openConds":[]},"10000092":{"avatarAssocType":"ASSOC_TYPE_LIYUE","avatarConstellationAfterTextMapHash":2335932723,"avatarConstellationBeforTextMapHash":2892332658,"avatarDetailTextMapHash":2194925506,"avatarId":10000092,"avatarNativeTextMapHash":106208633,"avatarTitleTextMapHash":366162906,"avatarVisionAfterTextMapHash":1968852865,"avatarVisionBeforTextMapHash":975256724,"cvChineseTextMapHash":181948150,"cvEnglishTextMapHash":3062577956,"cvJapaneseTextMapHash":1786130768,"cvKoreanTextMapHash":2289102503,"fetterId":92600,"finishConds":[{"condType":"FETTER_COND_NOT_OPEN","paramList":[]}],"infoBirthDay":22,"infoBirthMonth":12,"isHiden":false,"NBHFPPPHPMI":3803067480,"OAPDAINJPLD":3902984946,"openConds":[]},"10000093":{"avatarAssocType":"ASSOC_TYPE_LIYUE","avatarConstellationAfterTextMapHash":2715194347,"avatarConstellationBeforTextMapHash":2514371570,"avatarDetailTextMapHash":2183158842,"avatarId":10000093,"avatarNativeTextMapHash":3322899601,"avatarTitleTextMapHash":952438522,"avatarVisionAfterTextMapHash":866860777,"avatarVisionBeforTextMapHash":858902540,"cvChineseTextMapHash":1301612494,"cvEnglishTextMapHash":1677629420,"cvJapaneseTextMapHash":735775416,"cvKoreanTextMapHash":1979587887,"fetterId":93600,"finishConds":[{"condType":"FETTER_COND_NOT_OPEN","paramList":[]}],"infoBirthDay":11,"infoBirthMonth":4,"isHiden":false,"NBHFPPPHPMI":1535960648,"OAPDAINJPLD":3914774458,"openConds":[]},"10000094":{"avatarAssocType":"ASSOC_TYPE_INAZUMA","avatarConstellationAfterTextMapHash":1943153363,"avatarConstellationBeforTextMapHash":3871564042,"avatarDetailTextMapHash":2527476874,"avatarId":10000094,"avatarNativeTextMapHash":375107489,"avatarTitleTextMapHash":2878325034,"avatarVisionAfterTextMapHash":1498774393,"avatarVisionBeforTextMapHash":2419273932,"cvChineseTextMapHash":1629902998,"cvEnglishTextMapHash":424333836,"cvJapaneseTextMapHash":568431904,"cvKoreanTextMapHash":2285185639,"fetterId":94600,"finishConds":[{"condType":"FETTER_COND_NOT_OPEN","paramList":[]}],"infoBirthDay":17,"infoBirthMonth":8,"isHiden":false,"NBHFPPPHPMI":50126800,"OAPDAINJPLD":4165422570,"openConds":[]},"10000095":{"avatarAssocType":"ASSOC_TYPE_FONTAINE","avatarConstellationAfterTextMapHash":3189828299,"avatarConstellationBeforTextMapHash":3701764290,"avatarDetailTextMapHash":2479226994,"avatarId":10000095,"avatarNativeTextMapHash":3925829369,"avatarTitleTextMapHash":1006607674,"avatarVisionAfterTextMapHash":2903027681,"avatarVisionBeforTextMapHash":983257612,"cvChineseTextMapHash":359358342,"cvEnglishTextMapHash":1963995292,"cvJapaneseTextMapHash":2304189064,"cvKoreanTextMapHash":3151665055,"fetterId":95600,"finishConds":[{"condType":"FETTER_COND_NOT_OPEN","paramList":[]}],"infoBirthDay":30,"infoBirthMonth":3,"isHiden":false,"NBHFPPPHPMI":3836656216,"OAPDAINJPLD":3333864666,"openConds":[]},"10000096":{"avatarAssocType":"ASSOC_TYPE_FATUI","avatarConstellationAfterTextMapHash":4179232251,"avatarConstellationBeforTextMapHash":3841193010,"avatarDetailTextMapHash":348922594,"avatarId":10000096,"avatarNativeTextMapHash":2994119017,"avatarTitleTextMapHash":3049476050,"avatarVisionAfterTextMapHash":2406162233,"avatarVisionBeforTextMapHash":1907938868,"cvChineseTextMapHash":1652820710,"cvEnglishTextMapHash":2075602708,"cvJapaneseTextMapHash":1567433064,"cvKoreanTextMapHash":3511245199,"fetterId":96600,"finishConds":[{"condType":"FETTER_COND_NOT_OPEN","paramList":[]}],"infoBirthDay":22,"infoBirthMonth":8,"isHiden":false,"NBHFPPPHPMI":3058838936,"OAPDAINJPLD":2693433394,"openConds":[]},"10000097":{"avatarAssocType":"ASSOC_TYPE_SUMERU","avatarConstellationAfterTextMapHash":2612091683,"avatarConstellationBeforTextMapHash":1839324786,"avatarDetailTextMapHash":711156994,"avatarId":10000097,"avatarNativeTextMapHash":1710166889,"avatarTitleTextMapHash":592620818,"avatarVisionAfterTextMapHash":1871299457,"avatarVisionBeforTextMapHash":900309572,"cvChineseTextMapHash":82089862,"cvEnglishTextMapHash":2882742516,"cvJapaneseTextMapHash":3594367112,"cvKoreanTextMapHash":1196056023,"fetterId":97600,"finishConds":[{"condType":"FETTER_COND_NOT_OPEN","paramList":[]}],"infoBirthDay":31,"infoBirthMonth":5,"isHiden":false,"NBHFPPPHPMI":3834202824,"OAPDAINJPLD":1754144722,"openConds":[]},"10000098":{"avatarAssocType":"ASSOC_TYPE_FONTAINE","avatarConstellationAfterTextMapHash":2939709451,"avatarConstellationBeforTextMapHash":3930517194,"avatarDetailTextMapHash":3607804282,"avatarId":10000098,"avatarNativeTextMapHash":2861834945,"avatarTitleTextMapHash":2204666066,"avatarVisionAfterTextMapHash":2806305897,"avatarVisionBeforTextMapHash":2108312900,"cvChineseTextMapHash":2586835014,"cvEnglishTextMapHash":1989528772,"cvJapaneseTextMapHash":272520760,"cvKoreanTextMapHash":4045049935,"fetterId":98600,"finishConds":[{"condType":"FETTER_COND_NOT_OPEN","paramList":[]}],"infoBirthDay":20,"infoBirthMonth":9,"isHiden":false,"NBHFPPPHPMI":3371371960,"OAPDAINJPLD":3459897962,"openConds":[]},"10000099":{"avatarAssocType":"ASSOC_TYPE_FONTAINE","avatarConstellationAfterTextMapHash":3931455107,"avatarConstellationBeforTextMapHash":2104011930,"avatarDetailTextMapHash":2872568882,"avatarId":10000099,"avatarNativeTextMapHash":2828545913,"avatarTitleTextMapHash":1620786530,"avatarVisionAfterTextMapHash":2947626321,"avatarVisionBeforTextMapHash":2804230420,"cvChineseTextMapHash":282347454,"cvEnglishTextMapHash":897115332,"cvJapaneseTextMapHash":231062432,"cvKoreanTextMapHash":456694311,"fetterId":99600,"finishConds":[{"condType":"FETTER_COND_NOT_OPEN","paramList":[]}],"infoBirthDay":22,"infoBirthMonth":9,"isHiden":false,"NBHFPPPHPMI":85578912,"OAPDAINJPLD":4067189458,"openConds":[]},"10000100":{"avatarAssocType":"ASSOC_TYPE_NATLAN","avatarConstellationAfterTextMapHash":1780832827,"avatarConstellationBeforTextMapHash":3428238274,"avatarDetailTextMapHash":2925574410,"avatarId":10000100,"avatarNativeTextMapHash":3433906857,"avatarTitleTextMapHash":1166581626,"avatarVisionAfterTextMapHash":4075572745,"avatarVisionBeforTextMapHash":4192242524,"cvChineseTextMapHash":263322214,"cvEnglishTextMapHash":3925412220,"cvJapaneseTextMapHash":1626605240,"cvKoreanTextMapHash":170086711,"fetterId":100600,"finishConds":[{"condType":"FETTER_COND_NOT_OPEN","paramList":[]}],"infoBirthDay":22,"infoBirthMonth":4,"isHiden":false,"NBHFPPPHPMI":683402632,"OAPDAINJPLD":2771711746,"openConds":[]},"10000101":{"avatarAssocType":"ASSOC_TYPE_NATLAN","avatarConstellationAfterTextMapHash":2165924603,"avatarConstellationBeforTextMapHash":988403722,"avatarDetailTextMapHash":3369230146,"avatarId":10000101,"avatarNativeTextMapHash":557952857,"avatarTitleTextMapHash":3971938690,"avatarVisionAfterTextMapHash":2844141721,"avatarVisionBeforTextMapHash":4017294372,"cvChineseTextMapHash":2755062638,"cvEnglishTextMapHash":2964567508,"cvJapaneseTextMapHash":1779921144,"cvKoreanTextMapHash":1131585071,"fetterId":101600,"finishConds":[{"condType":"FETTER_COND_NOT_OPEN","paramList":[]}],"infoBirthDay":11,"infoBirthMonth":11,"isHiden":false,"NBHFPPPHPMI":2523254848,"OAPDAINJPLD":2677436274,"openConds":[]},"10000102":{"avatarAssocType":"ASSOC_TYPE_NATLAN","avatarConstellationAfterTextMapHash":1810481299,"avatarConstellationBeforTextMapHash":1420048706,"avatarDetailTextMapHash":1660843154,"avatarId":10000102,"avatarNativeTextMapHash":1364505833,"avatarTitleTextMapHash":2563734330,"avatarVisionAfterTextMapHash":4155919881,"avatarVisionBeforTextMapHash":3641438436,"cvChineseTextMapHash":3003373510,"cvEnglishTextMapHash":628204340,"cvJapaneseTextMapHash":2264155976,"cvKoreanTextMapHash":2129865799,"fetterId":102600,"finishConds":[{"condType":"FETTER_COND_NOT_OPEN","paramList":[]}],"infoBirthDay":3,"infoBirthMonth":8,"isHiden":false,"NBHFPPPHPMI":2882362064,"OAPDAINJPLD":1683191338,"openConds":[]},"10000103":{"avatarAssocType":"ASSOC_TYPE_NATLAN","avatarConstellationAfterTextMapHash":1052651387,"avatarConstellationBeforTextMapHash":2486497690,"avatarDetailTextMapHash":4022124610,"avatarId":10000103,"avatarNativeTextMapHash":1594604353,"avatarTitleTextMapHash":2460167938,"avatarVisionAfterTextMapHash":382790393,"avatarVisionBeforTextMapHash":2562917996,"cvChineseTextMapHash":186110470,"cvEnglishTextMapHash":2906546108,"cvJapaneseTextMapHash":3159132600,"cvKoreanTextMapHash":2547915031,"fetterId":103600,"finishConds":[{"condType":"FETTER_COND_NOT_OPEN","paramList":[]}],"infoBirthDay":13,"infoBirthMonth":3,"isHiden":false,"NBHFPPPHPMI":88716568,"OAPDAINJPLD":1600272306,"openConds":[]},"10000104":{"avatarAssocType":"ASSOC_TYPE_NATLAN","avatarConstellationAfterTextMapHash":637855979,"avatarConstellationBeforTextMapHash":982412122,"avatarDetailTextMapHash":3450775346,"avatarId":10000104,"avatarNativeTextMapHash":2904125249,"avatarTitleTextMapHash":2916137698,"avatarVisionAfterTextMapHash":3268500913,"avatarVisionBeforTextMapHash":3301337964,"cvChineseTextMapHash":2822410766,"cvEnglishTextMapHash":1664231228,"cvJapaneseTextMapHash":556754784,"cvKoreanTextMapHash":2458840319,"fetterId":104600,"finishConds":[{"condType":"FETTER_COND_NOT_OPEN","paramList":[]}],"infoBirthDay":10,"infoBirthMonth":12,"isHiden":false,"NBHFPPPHPMI":3622492408,"OAPDAINJPLD":3928669946,"openConds":[]},"10000105":{"avatarAssocType":"ASSOC_TYPE_NATLAN","avatarConstellationAfterTextMapHash":3497113075,"avatarConstellationBeforTextMapHash":668620602,"avatarDetailTextMapHash":3439538554,"avatarId":10000105,"avatarNativeTextMapHash":631478041,"avatarTitleTextMapHash":366462682,"avatarVisionAfterTextMapHash":1635725553,"avatarVisionBeforTextMapHash":3815486868,"cvChineseTextMapHash":1254565214,"cvEnglishTextMapHash":1100663972,"cvJapaneseTextMapHash":2952721336,"cvKoreanTextMapHash":3743111807,"fetterId":105600,"finishConds":[{"condType":"FETTER_COND_NOT_OPEN","paramList":[]}],"infoBirthDay":14,"infoBirthMonth":10,"isHiden":false,"NBHFPPPHPMI":1734399080,"OAPDAINJPLD":3029225914,"openConds":[]},"10000106":{"avatarAssocType":"ASSOC_TYPE_NATLAN","avatarConstellationAfterTextMapHash":2790655171,"avatarConstellationBeforTextMapHash":1777699098,"avatarDetailTextMapHash":4097326562,"avatarId":10000106,"avatarNativeTextMapHash":3361225089,"avatarTitleTextMapHash":1608133898,"avatarVisionAfterTextMapHash":1634984881,"avatarVisionBeforTextMapHash":3442020340,"cvChineseTextMapHash":2525304958,"cvEnglishTextMapHash":873211772,"cvJapaneseTextMapHash":2917049344,"cvKoreanTextMapHash":1119355031,"fetterId":106600,"finishConds":[{"condType":"FETTER_COND_AVATAR_LEVEL","paramList":[1]}],"infoBirthDay":28,"infoBirthMonth":8,"isHiden":false,"NBHFPPPHPMI":4211000096,"OAPDAINJPLD":979227458,"openConds":[]},"10000107":{"avatarAssocType":"ASSOC_TYPE_NATLAN","avatarConstellationAfterTextMapHash":2654312107,"avatarConstellationBeforTextMapHash":3615626690,"avatarDetailTextMapHash":1231799066,"avatarId":10000107,"avatarNativeTextMapHash":2330126089,"avatarTitleTextMapHash":3813204770,"avatarVisionAfterTextMapHash":3582166713,"avatarVisionBeforTextMapHash":1816872948,"cvChineseTextMapHash":2476339910,"cvEnglishTextMapHash":3619527332,"cvJapaneseTextMapHash":2019951128,"cvKoreanTextMapHash":3518839375,"fetterId":107600,"finishConds":[{"condType":"FETTER_COND_NOT_OPEN","paramList":[]}],"infoBirthDay":20,"infoBirthMonth":1,"isHiden":false,"NBHFPPPHPMI":1189881960,"OAPDAINJPLD":2488090346,"openConds":[]},"10000108":{"avatarAssocType":"ASSOC_TYPE_LIYUE","avatarConstellationAfterTextMapHash":2916764451,"avatarConstellationBeforTextMapHash":3069807770,"avatarDetailTextMapHash":3668244122,"avatarId":10000108,"avatarNativeTextMapHash":1939124825,"avatarTitleTextMapHash":4148362698,"avatarVisionAfterTextMapHash":3266936817,"avatarVisionBeforTextMapHash":2337532700,"cvChineseTextMapHash":2080597766,"cvEnglishTextMapHash":3481117684,"cvJapaneseTextMapHash":854513424,"cvKoreanTextMapHash":2044282879,"fetterId":108600,"finishConds":[{"condType":"FETTER_COND_NOT_OPEN","paramList":[]}],"infoBirthDay":6,"infoBirthMonth":1,"isHiden":false,"NBHFPPPHPMI":2223359552,"OAPDAINJPLD":3476144186,"openConds":[]},"10000109":{"avatarAssocType":"ASSOC_TYPE_INAZUMA","avatarConstellationAfterTextMapHash":3316983043,"avatarConstellationBeforTextMapHash":4283134666,"avatarDetailTextMapHash":4065950234,"avatarId":10000109,"avatarNativeTextMapHash":2061366433,"avatarTitleTextMapHash":2118175218,"avatarVisionAfterTextMapHash":3987863545,"avatarVisionBeforTextMapHash":2671871612,"cvChineseTextMapHash":4235862974,"cvEnglishTextMapHash":2972007676,"cvJapaneseTextMapHash":2631874048,"cvKoreanTextMapHash":1484333527,"fetterId":109600,"finishConds":[{"condType":"FETTER_COND_NOT_OPEN","paramList":[]}],"infoBirthDay":16,"infoBirthMonth":3,"isHiden":false,"NBHFPPPHPMI":1604432136,"OAPDAINJPLD":2007268002,"openConds":[]},"10000110":{"avatarAssocType":"ASSOC_TYPE_NATLAN","avatarConstellationAfterTextMapHash":1944146987,"avatarConstellationBeforTextMapHash":3386730066,"avatarDetailTextMapHash":399097210,"avatarId":10000110,"avatarNativeTextMapHash":712445497,"avatarTitleTextMapHash":3782130778,"avatarVisionAfterTextMapHash":3709904609,"avatarVisionBeforTextMapHash":3188129380,"cvChineseTextMapHash":439315550,"cvEnglishTextMapHash":3732022164,"cvJapaneseTextMapHash":3617635968,"cvKoreanTextMapHash":1862429431,"fetterId":110600,"finishConds":[{"condType":"FETTER_COND_NOT_OPEN","paramList":[]}],"infoBirthDay":8,"infoBirthMonth":8,"isHiden":false,"NBHFPPPHPMI":3930605488,"OAPDAINJPLD":1564890530,"openConds":[]},"10000111":{"avatarAssocType":"ASSOC_TYPE_NATLAN","avatarConstellationAfterTextMapHash":3858465163,"avatarConstellationBeforTextMapHash":1762577026,"avatarDetailTextMapHash":1394567898,"avatarId":10000111,"avatarNativeTextMapHash":3124521081,"avatarTitleTextMapHash":32582546,"avatarVisionAfterTextMapHash":2427252393,"avatarVisionBeforTextMapHash":51054212,"cvChineseTextMapHash":3467789342,"cvEnglishTextMapHash":130095036,"cvJapaneseTextMapHash":1572196464,"cvKoreanTextMapHash":706346975,"fetterId":111600,"finishConds":[{"condType":"FETTER_COND_NOT_OPEN","paramList":[]}],"infoBirthDay":15,"infoBirthMonth":11,"isHiden":false,"NBHFPPPHPMI":1173648904,"OAPDAINJPLD":385637114,"openConds":[]},"10000112":{"avatarAssocType":"ASSOC_TYPE_FONTAINE","avatarConstellationAfterTextMapHash":2279658987,"avatarConstellationBeforTextMapHash":3990088386,"avatarDetailTextMapHash":1783502434,"avatarId":10000112,"avatarNativeTextMapHash":2464914569,"avatarTitleTextMapHash":3555073130,"avatarVisionAfterTextMapHash":3554506625,"avatarVisionBeforTextMapHash":3230082772,"cvChineseTextMapHash":884103830,"cvEnglishTextMapHash":1463793028,"cvJapaneseTextMapHash":1303428128,"cvKoreanTextMapHash":3470181679,"fetterId":112600,"finishConds":[{"condType":"FETTER_COND_NOT_OPEN","paramList":[]}],"infoBirthDay":8,"infoBirthMonth":6,"isHiden":false,"NBHFPPPHPMI":2148599000,"OAPDAINJPLD":957833042,"openConds":[]},"10000113":{"avatarAssocType":"ASSOC_TYPE_NATLAN","avatarConstellationAfterTextMapHash":1702728859,"avatarConstellationBeforTextMapHash":3593665434,"avatarDetailTextMapHash":3626418890,"avatarId":10000113,"avatarNativeTextMapHash":2819723233,"avatarTitleTextMapHash":971018842,"avatarVisionAfterTextMapHash":4162775209,"avatarVisionBeforTextMapHash":1221948900,"cvChineseTextMapHash":3155539190,"cvEnglishTextMapHash":2800400020,"cvJapaneseTextMapHash":2495761320,"cvKoreanTextMapHash":2786296175,"fetterId":113600,"finishConds":[{"condType":"FETTER_COND_NOT_OPEN","paramList":[]}],"infoBirthDay":23,"infoBirthMonth":3,"isHiden":false,"NBHFPPPHPMI":1942263920,"OAPDAINJPLD":4044292842,"openConds":[]},"10000114":{"avatarAssocType":"ASSOC_TYPE_OMNI_SCOURGE","avatarConstellationAfterTextMapHash":3355158347,"avatarConstellationBeforTextMapHash":3774689962,"avatarDetailTextMapHash":3716714802,"avatarId":10000114,"avatarNativeTextMapHash":1897389881,"avatarTitleTextMapHash":1444421514,"avatarVisionAfterTextMapHash":541238193,"avatarVisionBeforTextMapHash":1723833716,"cvChineseTextMapHash":4070951942,"cvEnglishTextMapHash":1361932772,"cvJapaneseTextMapHash":3489119184,"cvKoreanTextMapHash":1859617327,"fetterId":114600,"finishConds":[{"condType":"FETTER_COND_NOT_OPEN","paramList":[]}],"infoBirthDay":5,"infoBirthMonth":11,"isHiden":false,"NBHFPPPHPMI":4252609488,"OAPDAINJPLD":2389758066,"openConds":[]},"10000115":{"avatarAssocType":"ASSOC_TYPE_MONDSTADT","avatarConstellationAfterTextMapHash":3710837275,"avatarConstellationBeforTextMapHash":539753802,"avatarDetailTextMapHash":709608978,"avatarId":10000115,"avatarNativeTextMapHash":2378969177,"avatarTitleTextMapHash":3935680122,"avatarVisionAfterTextMapHash":4096619521,"avatarVisionBeforTextMapHash":973596852,"cvChineseTextMapHash":4201827430,"cvEnglishTextMapHash":1269593284,"cvJapaneseTextMapHash":3809275800,"cvKoreanTextMapHash":114485095,"fetterId":115600,"finishConds":[{"condType":"FETTER_COND_NOT_OPEN","paramList":[]}],"infoBirthDay":25,"infoBirthMonth":5,"isHiden":false,"NBHFPPPHPMI":1038480096,"OAPDAINJPLD":164988698,"openConds":[]},"10000116":{"avatarAssocType":"ASSOC_TYPE_NODKRAI","avatarConstellationAfterTextMapHash":2657192427,"avatarConstellationBeforTextMapHash":2926277218,"avatarDetailTextMapHash":3620406218,"avatarId":10000116,"avatarNativeTextMapHash":3742979505,"avatarTitleTextMapHash":3182583010,"avatarVisionAfterTextMapHash":3299314729,"avatarVisionBeforTextMapHash":1161234564,"cvChineseTextMapHash":1675483990,"cvEnglishTextMapHash":3483119748,"cvJapaneseTextMapHash":3096067736,"cvKoreanTextMapHash":1838302855,"fetterId":116600,"finishConds":[{"condType":"FETTER_COND_FINISH_QUEST","paramList":[600624]}],"infoBirthDay":2,"infoBirthMonth":4,"isHiden":false,"NBHFPPPHPMI":4091531232,"OAPDAINJPLD":3993930570,"openConds":[]}}