{"1":{"DAEMGLHAHBE":60,"DBDFIOOFJAF":0,"difficultyId":1,"difficultyLevel":1,"EDBENPCDKOI":100,"EHNLPIMKDPP":4001,"EPLIKPJLKFO":[],"FEMGFIFCBOD":2001,"FMBJKJHGGBG":4,"GFNPJMLLAJP":3,"GPFPAIACAPE":0,"HKINMENNILD":[],"ICLHEPJJFHM":1001,"KMJBOFIABMH":0,"LBEOGIHPHDF":2,"MGHHGBFHGFG":1,"NCOHIGAHCJI":5001,"NHDBNJJLCCK":3001,"NKHFBEPEMPE":0,"OCPJJHLNGEO":"","ODGJGFFAIKP":0,"OLDCPCMAOPD":[],"POHOAIKMKGE":0},"2":{"DAEMGLHAHBE":60,"DBDFIOOFJAF":1,"difficultyId":2,"difficultyLevel":2,"EDBENPCDKOI":100,"EHNLPIMKDPP":4001,"EPLIKPJLKFO":[],"FEMGFIFCBOD":2002,"FMBJKJHGGBG":8,"GFNPJMLLAJP":6,"GPFPAIACAPE":0,"HKINMENNILD":[],"ICLHEPJJFHM":1002,"KMJBOFIABMH":0,"LBEOGIHPHDF":2,"MGHHGBFHGFG":1,"NCOHIGAHCJI":5002,"NHDBNJJLCCK":3002,"NKHFBEPEMPE":0,"OCPJJHLNGEO":"","ODGJGFFAIKP":0,"OLDCPCMAOPD":[],"POHOAIKMKGE":0},"3":{"DAEMGLHAHBE":70,"DBDFIOOFJAF":1,"difficultyId":3,"difficultyLevel":3,"EDBENPCDKOI":100,"EHNLPIMKDPP":4001,"EPLIKPJLKFO":[],"FEMGFIFCBOD":2003,"FMBJKJHGGBG":12,"GFNPJMLLAJP":8,"GPFPAIACAPE":0,"HKINMENNILD":[],"ICLHEPJJFHM":1003,"KMJBOFIABMH":0,"LBEOGIHPHDF":2,"MGHHGBFHGFG":1,"NCOHIGAHCJI":5003,"NHDBNJJLCCK":3003,"NKHFBEPEMPE":0,"OCPJJHLNGEO":"","ODGJGFFAIKP":0,"OLDCPCMAOPD":[],"POHOAIKMKGE":0},"5":{"DAEMGLHAHBE":60,"DBDFIOOFJAF":0,"difficultyId":5,"difficultyLevel":1,"EDBENPCDKOI":100,"EHNLPIMKDPP":4002,"EPLIKPJLKFO":[],"FEMGFIFCBOD":2011,"FMBJKJHGGBG":4,"GFNPJMLLAJP":3,"GPFPAIACAPE":0,"HKINMENNILD":[],"ICLHEPJJFHM":1011,"KMJBOFIABMH":0,"LBEOGIHPHDF":2,"MGHHGBFHGFG":2,"NCOHIGAHCJI":5001,"NHDBNJJLCCK":3011,"NKHFBEPEMPE":0,"OCPJJHLNGEO":"","ODGJGFFAIKP":0,"OLDCPCMAOPD":[],"POHOAIKMKGE":0},"6":{"DAEMGLHAHBE":60,"DBDFIOOFJAF":1,"difficultyId":6,"difficultyLevel":2,"EDBENPCDKOI":100,"EHNLPIMKDPP":4002,"EPLIKPJLKFO":[],"FEMGFIFCBOD":2012,"FMBJKJHGGBG":8,"GFNPJMLLAJP":6,"GPFPAIACAPE":0,"HKINMENNILD":[],"ICLHEPJJFHM":1012,"KMJBOFIABMH":0,"LBEOGIHPHDF":2,"MGHHGBFHGFG":2,"NCOHIGAHCJI":5102,"NHDBNJJLCCK":3012,"NKHFBEPEMPE":0,"OCPJJHLNGEO":"","ODGJGFFAIKP":0,"OLDCPCMAOPD":[],"POHOAIKMKGE":0},"7":{"DAEMGLHAHBE":70,"DBDFIOOFJAF":1,"difficultyId":7,"difficultyLevel":3,"EDBENPCDKOI":160,"EHNLPIMKDPP":4002,"EPLIKPJLKFO":[],"FEMGFIFCBOD":2013,"FMBJKJHGGBG":12,"GFNPJMLLAJP":8,"GPFPAIACAPE":0,"HKINMENNILD":[],"ICLHEPJJFHM":1013,"KMJBOFIABMH":0,"LBEOGIHPHDF":2,"MGHHGBFHGFG":2,"NCOHIGAHCJI":5103,"NHDBNJJLCCK":3013,"NKHFBEPEMPE":0,"OCPJJHLNGEO":"","ODGJGFFAIKP":0,"OLDCPCMAOPD":[],"POHOAIKMKGE":0},"8":{"DAEMGLHAHBE":60,"DBDFIOOFJAF":0,"difficultyId":8,"difficultyLevel":1,"EDBENPCDKOI":100,"EHNLPIMKDPP":0,"EPLIKPJLKFO":[],"FEMGFIFCBOD":2021,"FMBJKJHGGBG":2,"GFNPJMLLAJP":3,"GPFPAIACAPE":6001,"HKINMENNILD":[1,2,3],"ICLHEPJJFHM":1021,"KMJBOFIABMH":30,"LBEOGIHPHDF":2,"MGHHGBFHGFG":2,"NCOHIGAHCJI":5011,"NHDBNJJLCCK":3021,"NKHFBEPEMPE":1,"OCPJJHLNGEO":"","ODGJGFFAIKP":2,"OLDCPCMAOPD":[],"POHOAIKMKGE":2},"9":{"DAEMGLHAHBE":60,"DBDFIOOFJAF":2,"difficultyId":9,"difficultyLevel":2,"EDBENPCDKOI":100,"EHNLPIMKDPP":0,"EPLIKPJLKFO":[],"FEMGFIFCBOD":2022,"FMBJKJHGGBG":6,"GFNPJMLLAJP":6,"GPFPAIACAPE":6002,"HKINMENNILD":[1,2,3],"ICLHEPJJFHM":1022,"KMJBOFIABMH":30,"LBEOGIHPHDF":2,"MGHHGBFHGFG":2,"NCOHIGAHCJI":5012,"NHDBNJJLCCK":3022,"NKHFBEPEMPE":1,"OCPJJHLNGEO":"","ODGJGFFAIKP":2,"OLDCPCMAOPD":[],"POHOAIKMKGE":2},"10":{"DAEMGLHAHBE":70,"DBDFIOOFJAF":2,"difficultyId":10,"difficultyLevel":3,"EDBENPCDKOI":160,"EHNLPIMKDPP":0,"EPLIKPJLKFO":[],"FEMGFIFCBOD":2023,"FMBJKJHGGBG":10,"GFNPJMLLAJP":8,"GPFPAIACAPE":6003,"HKINMENNILD":[1,2,3],"ICLHEPJJFHM":1023,"KMJBOFIABMH":30,"LBEOGIHPHDF":2,"MGHHGBFHGFG":2,"NCOHIGAHCJI":5013,"NHDBNJJLCCK":3023,"NKHFBEPEMPE":1,"OCPJJHLNGEO":"","ODGJGFFAIKP":2,"OLDCPCMAOPD":[],"POHOAIKMKGE":4},"11":{"DAEMGLHAHBE":70,"DBDFIOOFJAF":2,"difficultyId":11,"difficultyLevel":4,"EDBENPCDKOI":160,"EHNLPIMKDPP":0,"EPLIKPJLKFO":[],"FEMGFIFCBOD":2024,"FMBJKJHGGBG":16,"GFNPJMLLAJP":10,"GPFPAIACAPE":6004,"HKINMENNILD":[1,2,3],"ICLHEPJJFHM":1024,"KMJBOFIABMH":30,"LBEOGIHPHDF":3,"MGHHGBFHGFG":2,"NCOHIGAHCJI":5014,"NHDBNJJLCCK":3024,"NKHFBEPEMPE":1,"OCPJJHLNGEO":"","ODGJGFFAIKP":2,"OLDCPCMAOPD":[3],"POHOAIKMKGE":4},"12":{"DAEMGLHAHBE":60,"DBDFIOOFJAF":0,"difficultyId":12,"difficultyLevel":1,"EDBENPCDKOI":100,"EHNLPIMKDPP":0,"EPLIKPJLKFO":[],"FEMGFIFCBOD":2031,"FMBJKJHGGBG":2,"GFNPJMLLAJP":3,"GPFPAIACAPE":6011,"HKINMENNILD":[4,5,6],"ICLHEPJJFHM":1021,"KMJBOFIABMH":30,"LBEOGIHPHDF":2,"MGHHGBFHGFG":2,"NCOHIGAHCJI":5011,"NHDBNJJLCCK":3031,"NKHFBEPEMPE":1,"OCPJJHLNGEO":"","ODGJGFFAIKP":2,"OLDCPCMAOPD":[],"POHOAIKMKGE":2},"13":{"DAEMGLHAHBE":60,"DBDFIOOFJAF":2,"difficultyId":13,"difficultyLevel":2,"EDBENPCDKOI":100,"EHNLPIMKDPP":0,"EPLIKPJLKFO":[],"FEMGFIFCBOD":2032,"FMBJKJHGGBG":6,"GFNPJMLLAJP":6,"GPFPAIACAPE":6012,"HKINMENNILD":[4,5,6],"ICLHEPJJFHM":1022,"KMJBOFIABMH":30,"LBEOGIHPHDF":2,"MGHHGBFHGFG":2,"NCOHIGAHCJI":5012,"NHDBNJJLCCK":3032,"NKHFBEPEMPE":1,"OCPJJHLNGEO":"","ODGJGFFAIKP":2,"OLDCPCMAOPD":[],"POHOAIKMKGE":2},"14":{"DAEMGLHAHBE":70,"DBDFIOOFJAF":2,"difficultyId":14,"difficultyLevel":3,"EDBENPCDKOI":160,"EHNLPIMKDPP":0,"EPLIKPJLKFO":[],"FEMGFIFCBOD":2033,"FMBJKJHGGBG":10,"GFNPJMLLAJP":8,"GPFPAIACAPE":6013,"HKINMENNILD":[4,5,6],"ICLHEPJJFHM":1023,"KMJBOFIABMH":30,"LBEOGIHPHDF":2,"MGHHGBFHGFG":2,"NCOHIGAHCJI":5013,"NHDBNJJLCCK":3033,"NKHFBEPEMPE":1,"OCPJJHLNGEO":"","ODGJGFFAIKP":2,"OLDCPCMAOPD":[],"POHOAIKMKGE":4},"15":{"DAEMGLHAHBE":70,"DBDFIOOFJAF":2,"difficultyId":15,"difficultyLevel":4,"EDBENPCDKOI":160,"EHNLPIMKDPP":0,"EPLIKPJLKFO":[],"FEMGFIFCBOD":2034,"FMBJKJHGGBG":16,"GFNPJMLLAJP":10,"GPFPAIACAPE":6014,"HKINMENNILD":[4,5,6],"ICLHEPJJFHM":1024,"KMJBOFIABMH":30,"LBEOGIHPHDF":3,"MGHHGBFHGFG":2,"NCOHIGAHCJI":5014,"NHDBNJJLCCK":3034,"NKHFBEPEMPE":1,"OCPJJHLNGEO":"","ODGJGFFAIKP":2,"OLDCPCMAOPD":[3],"POHOAIKMKGE":4},"16":{"DAEMGLHAHBE":60,"DBDFIOOFJAF":0,"difficultyId":16,"difficultyLevel":1,"EDBENPCDKOI":100,"EHNLPIMKDPP":0,"EPLIKPJLKFO":[1,2,3,4,5],"FEMGFIFCBOD":2041,"FMBJKJHGGBG":2,"GFNPJMLLAJP":3,"GPFPAIACAPE":6021,"HKINMENNILD":[3,8,7],"ICLHEPJJFHM":1031,"KMJBOFIABMH":30,"LBEOGIHPHDF":2,"MGHHGBFHGFG":2,"NCOHIGAHCJI":5011,"NHDBNJJLCCK":3041,"NKHFBEPEMPE":1,"OCPJJHLNGEO":"1:2,2:5","ODGJGFFAIKP":2,"OLDCPCMAOPD":[],"POHOAIKMKGE":2},"17":{"DAEMGLHAHBE":60,"DBDFIOOFJAF":2,"difficultyId":17,"difficultyLevel":2,"EDBENPCDKOI":100,"EHNLPIMKDPP":0,"EPLIKPJLKFO":[1,2,3,4,5],"FEMGFIFCBOD":2042,"FMBJKJHGGBG":6,"GFNPJMLLAJP":6,"GPFPAIACAPE":6022,"HKINMENNILD":[3,8,7],"ICLHEPJJFHM":1032,"KMJBOFIABMH":30,"LBEOGIHPHDF":2,"MGHHGBFHGFG":2,"NCOHIGAHCJI":5012,"NHDBNJJLCCK":3042,"NKHFBEPEMPE":1,"OCPJJHLNGEO":"1:3,2:8","ODGJGFFAIKP":2,"OLDCPCMAOPD":[],"POHOAIKMKGE":2},"18":{"DAEMGLHAHBE":70,"DBDFIOOFJAF":2,"difficultyId":18,"difficultyLevel":3,"EDBENPCDKOI":160,"EHNLPIMKDPP":0,"EPLIKPJLKFO":[1,2,3,4,5],"FEMGFIFCBOD":2043,"FMBJKJHGGBG":10,"GFNPJMLLAJP":8,"GPFPAIACAPE":6023,"HKINMENNILD":[3,8,7],"ICLHEPJJFHM":1033,"KMJBOFIABMH":30,"LBEOGIHPHDF":2,"MGHHGBFHGFG":2,"NCOHIGAHCJI":5013,"NHDBNJJLCCK":3043,"NKHFBEPEMPE":1,"OCPJJHLNGEO":"1:4,2:10","ODGJGFFAIKP":2,"OLDCPCMAOPD":[],"POHOAIKMKGE":4},"19":{"DAEMGLHAHBE":70,"DBDFIOOFJAF":2,"difficultyId":19,"difficultyLevel":4,"EDBENPCDKOI":160,"EHNLPIMKDPP":0,"EPLIKPJLKFO":[1,2,3,4,5],"FEMGFIFCBOD":2044,"FMBJKJHGGBG":16,"GFNPJMLLAJP":10,"GPFPAIACAPE":6024,"HKINMENNILD":[3,8,7],"ICLHEPJJFHM":1034,"KMJBOFIABMH":30,"LBEOGIHPHDF":3,"MGHHGBFHGFG":2,"NCOHIGAHCJI":5014,"NHDBNJJLCCK":3044,"NKHFBEPEMPE":1,"OCPJJHLNGEO":"1:6,2:14","ODGJGFFAIKP":2,"OLDCPCMAOPD":[3],"POHOAIKMKGE":4},"20":{"DAEMGLHAHBE":60,"DBDFIOOFJAF":0,"difficultyId":20,"difficultyLevel":1,"EDBENPCDKOI":100,"EHNLPIMKDPP":0,"EPLIKPJLKFO":[1,2,3,4,5],"FEMGFIFCBOD":2051,"FMBJKJHGGBG":2,"GFNPJMLLAJP":3,"GPFPAIACAPE":6041,"HKINMENNILD":[9,10,11],"ICLHEPJJFHM":1031,"KMJBOFIABMH":30,"LBEOGIHPHDF":2,"MGHHGBFHGFG":2,"NCOHIGAHCJI":5011,"NHDBNJJLCCK":3051,"NKHFBEPEMPE":1,"OCPJJHLNGEO":"1:2,2:5","ODGJGFFAIKP":2,"OLDCPCMAOPD":[],"POHOAIKMKGE":2},"21":{"DAEMGLHAHBE":60,"DBDFIOOFJAF":2,"difficultyId":21,"difficultyLevel":2,"EDBENPCDKOI":100,"EHNLPIMKDPP":0,"EPLIKPJLKFO":[1,2,3,4,5],"FEMGFIFCBOD":2052,"FMBJKJHGGBG":6,"GFNPJMLLAJP":6,"GPFPAIACAPE":6042,"HKINMENNILD":[9,10,11],"ICLHEPJJFHM":1032,"KMJBOFIABMH":30,"LBEOGIHPHDF":2,"MGHHGBFHGFG":2,"NCOHIGAHCJI":5012,"NHDBNJJLCCK":3052,"NKHFBEPEMPE":1,"OCPJJHLNGEO":"1:3,2:8","ODGJGFFAIKP":2,"OLDCPCMAOPD":[],"POHOAIKMKGE":2},"22":{"DAEMGLHAHBE":70,"DBDFIOOFJAF":2,"difficultyId":22,"difficultyLevel":3,"EDBENPCDKOI":160,"EHNLPIMKDPP":0,"EPLIKPJLKFO":[1,2,3,4,5],"FEMGFIFCBOD":2053,"FMBJKJHGGBG":10,"GFNPJMLLAJP":8,"GPFPAIACAPE":6043,"HKINMENNILD":[9,10,11],"ICLHEPJJFHM":1033,"KMJBOFIABMH":30,"LBEOGIHPHDF":2,"MGHHGBFHGFG":2,"NCOHIGAHCJI":5013,"NHDBNJJLCCK":3053,"NKHFBEPEMPE":1,"OCPJJHLNGEO":"1:4,2:10","ODGJGFFAIKP":2,"OLDCPCMAOPD":[],"POHOAIKMKGE":4},"23":{"DAEMGLHAHBE":70,"DBDFIOOFJAF":2,"difficultyId":23,"difficultyLevel":4,"EDBENPCDKOI":160,"EHNLPIMKDPP":0,"EPLIKPJLKFO":[1,2,3,4,5],"FEMGFIFCBOD":2054,"FMBJKJHGGBG":16,"GFNPJMLLAJP":10,"GPFPAIACAPE":6044,"HKINMENNILD":[9,10,11],"ICLHEPJJFHM":1034,"KMJBOFIABMH":30,"LBEOGIHPHDF":3,"MGHHGBFHGFG":2,"NCOHIGAHCJI":5014,"NHDBNJJLCCK":3054,"NKHFBEPEMPE":1,"OCPJJHLNGEO":"1:6,2:14","ODGJGFFAIKP":2,"OLDCPCMAOPD":[3],"POHOAIKMKGE":4},"24":{"DAEMGLHAHBE":60,"DBDFIOOFJAF":0,"difficultyId":24,"difficultyLevel":1,"EDBENPCDKOI":100,"EHNLPIMKDPP":0,"EPLIKPJLKFO":[1,2,3,4,5],"FEMGFIFCBOD":2061,"FMBJKJHGGBG":2,"GFNPJMLLAJP":3,"GPFPAIACAPE":6031,"HKINMENNILD":[12,13,14],"ICLHEPJJFHM":1031,"KMJBOFIABMH":30,"LBEOGIHPHDF":2,"MGHHGBFHGFG":2,"NCOHIGAHCJI":5011,"NHDBNJJLCCK":3061,"NKHFBEPEMPE":1,"OCPJJHLNGEO":"1:2,2:5","ODGJGFFAIKP":2,"OLDCPCMAOPD":[],"POHOAIKMKGE":2},"25":{"DAEMGLHAHBE":60,"DBDFIOOFJAF":2,"difficultyId":25,"difficultyLevel":2,"EDBENPCDKOI":100,"EHNLPIMKDPP":0,"EPLIKPJLKFO":[1,2,3,4,5],"FEMGFIFCBOD":2062,"FMBJKJHGGBG":6,"GFNPJMLLAJP":6,"GPFPAIACAPE":6032,"HKINMENNILD":[12,13,14],"ICLHEPJJFHM":1032,"KMJBOFIABMH":30,"LBEOGIHPHDF":2,"MGHHGBFHGFG":2,"NCOHIGAHCJI":5012,"NHDBNJJLCCK":3062,"NKHFBEPEMPE":1,"OCPJJHLNGEO":"1:3,2:8","ODGJGFFAIKP":2,"OLDCPCMAOPD":[],"POHOAIKMKGE":2},"26":{"DAEMGLHAHBE":70,"DBDFIOOFJAF":2,"difficultyId":26,"difficultyLevel":3,"EDBENPCDKOI":160,"EHNLPIMKDPP":0,"EPLIKPJLKFO":[1,2,3,4,5],"FEMGFIFCBOD":2063,"FMBJKJHGGBG":10,"GFNPJMLLAJP":8,"GPFPAIACAPE":6033,"HKINMENNILD":[12,13,14],"ICLHEPJJFHM":1033,"KMJBOFIABMH":30,"LBEOGIHPHDF":2,"MGHHGBFHGFG":2,"NCOHIGAHCJI":5013,"NHDBNJJLCCK":3063,"NKHFBEPEMPE":1,"OCPJJHLNGEO":"1:4,2:10","ODGJGFFAIKP":2,"OLDCPCMAOPD":[],"POHOAIKMKGE":4},"27":{"DAEMGLHAHBE":70,"DBDFIOOFJAF":2,"difficultyId":27,"difficultyLevel":4,"EDBENPCDKOI":160,"EHNLPIMKDPP":0,"EPLIKPJLKFO":[1,2,3,4,5],"FEMGFIFCBOD":2064,"FMBJKJHGGBG":16,"GFNPJMLLAJP":10,"GPFPAIACAPE":6034,"HKINMENNILD":[12,13,14],"ICLHEPJJFHM":1034,"KMJBOFIABMH":30,"LBEOGIHPHDF":3,"MGHHGBFHGFG":2,"NCOHIGAHCJI":5014,"NHDBNJJLCCK":3064,"NKHFBEPEMPE":1,"OCPJJHLNGEO":"1:6,2:14","ODGJGFFAIKP":2,"OLDCPCMAOPD":[3],"POHOAIKMKGE":4},"28":{"DAEMGLHAHBE":60,"DBDFIOOFJAF":0,"difficultyId":28,"difficultyLevel":1,"EDBENPCDKOI":100,"EHNLPIMKDPP":0,"EPLIKPJLKFO":[1,2,3,4,5],"FEMGFIFCBOD":2071,"FMBJKJHGGBG":2,"GFNPJMLLAJP":3,"GPFPAIACAPE":6051,"HKINMENNILD":[1,15,9],"ICLHEPJJFHM":1031,"KMJBOFIABMH":30,"LBEOGIHPHDF":2,"MGHHGBFHGFG":2,"NCOHIGAHCJI":5011,"NHDBNJJLCCK":3071,"NKHFBEPEMPE":1,"OCPJJHLNGEO":"1:2,2:5","ODGJGFFAIKP":2,"OLDCPCMAOPD":[],"POHOAIKMKGE":2},"29":{"DAEMGLHAHBE":60,"DBDFIOOFJAF":2,"difficultyId":29,"difficultyLevel":2,"EDBENPCDKOI":100,"EHNLPIMKDPP":0,"EPLIKPJLKFO":[1,2,3,4,5],"FEMGFIFCBOD":2072,"FMBJKJHGGBG":6,"GFNPJMLLAJP":6,"GPFPAIACAPE":6052,"HKINMENNILD":[1,15,9],"ICLHEPJJFHM":1032,"KMJBOFIABMH":30,"LBEOGIHPHDF":2,"MGHHGBFHGFG":2,"NCOHIGAHCJI":5012,"NHDBNJJLCCK":3072,"NKHFBEPEMPE":1,"OCPJJHLNGEO":"1:3,2:8","ODGJGFFAIKP":2,"OLDCPCMAOPD":[],"POHOAIKMKGE":2},"30":{"DAEMGLHAHBE":70,"DBDFIOOFJAF":2,"difficultyId":30,"difficultyLevel":3,"EDBENPCDKOI":160,"EHNLPIMKDPP":0,"EPLIKPJLKFO":[1,2,3,4,5],"FEMGFIFCBOD":2073,"FMBJKJHGGBG":10,"GFNPJMLLAJP":8,"GPFPAIACAPE":6053,"HKINMENNILD":[1,15,9],"ICLHEPJJFHM":1033,"KMJBOFIABMH":30,"LBEOGIHPHDF":2,"MGHHGBFHGFG":2,"NCOHIGAHCJI":5013,"NHDBNJJLCCK":3073,"NKHFBEPEMPE":1,"OCPJJHLNGEO":"1:4,2:10","ODGJGFFAIKP":2,"OLDCPCMAOPD":[],"POHOAIKMKGE":4},"31":{"DAEMGLHAHBE":70,"DBDFIOOFJAF":2,"difficultyId":31,"difficultyLevel":4,"EDBENPCDKOI":160,"EHNLPIMKDPP":0,"EPLIKPJLKFO":[1,2,3,4,5],"FEMGFIFCBOD":2074,"FMBJKJHGGBG":16,"GFNPJMLLAJP":10,"GPFPAIACAPE":6054,"HKINMENNILD":[1,15,9],"ICLHEPJJFHM":1034,"KMJBOFIABMH":30,"LBEOGIHPHDF":3,"MGHHGBFHGFG":2,"NCOHIGAHCJI":5014,"NHDBNJJLCCK":3074,"NKHFBEPEMPE":1,"OCPJJHLNGEO":"1:6,2:14","ODGJGFFAIKP":2,"OLDCPCMAOPD":[3],"POHOAIKMKGE":4},"32":{"DAEMGLHAHBE":60,"DBDFIOOFJAF":0,"difficultyId":32,"difficultyLevel":1,"EDBENPCDKOI":100,"EHNLPIMKDPP":0,"EPLIKPJLKFO":[1,2,3,4,5],"FEMGFIFCBOD":2081,"FMBJKJHGGBG":2,"GFNPJMLLAJP":3,"GPFPAIACAPE":6061,"HKINMENNILD":[16,11,17],"ICLHEPJJFHM":1031,"KMJBOFIABMH":30,"LBEOGIHPHDF":2,"MGHHGBFHGFG":2,"NCOHIGAHCJI":5011,"NHDBNJJLCCK":3081,"NKHFBEPEMPE":1,"OCPJJHLNGEO":"1:2,2:5","ODGJGFFAIKP":2,"OLDCPCMAOPD":[],"POHOAIKMKGE":2},"33":{"DAEMGLHAHBE":60,"DBDFIOOFJAF":2,"difficultyId":33,"difficultyLevel":2,"EDBENPCDKOI":100,"EHNLPIMKDPP":0,"EPLIKPJLKFO":[1,2,3,4,5],"FEMGFIFCBOD":2082,"FMBJKJHGGBG":6,"GFNPJMLLAJP":6,"GPFPAIACAPE":6062,"HKINMENNILD":[16,11,17],"ICLHEPJJFHM":1032,"KMJBOFIABMH":30,"LBEOGIHPHDF":2,"MGHHGBFHGFG":2,"NCOHIGAHCJI":5012,"NHDBNJJLCCK":3082,"NKHFBEPEMPE":1,"OCPJJHLNGEO":"1:3,2:8","ODGJGFFAIKP":2,"OLDCPCMAOPD":[],"POHOAIKMKGE":2},"34":{"DAEMGLHAHBE":70,"DBDFIOOFJAF":2,"difficultyId":34,"difficultyLevel":3,"EDBENPCDKOI":160,"EHNLPIMKDPP":0,"EPLIKPJLKFO":[1,2,3,4,5],"FEMGFIFCBOD":2083,"FMBJKJHGGBG":10,"GFNPJMLLAJP":8,"GPFPAIACAPE":6063,"HKINMENNILD":[16,11,17],"ICLHEPJJFHM":1033,"KMJBOFIABMH":30,"LBEOGIHPHDF":2,"MGHHGBFHGFG":2,"NCOHIGAHCJI":5013,"NHDBNJJLCCK":3083,"NKHFBEPEMPE":1,"OCPJJHLNGEO":"1:4,2:10","ODGJGFFAIKP":2,"OLDCPCMAOPD":[],"POHOAIKMKGE":4},"35":{"DAEMGLHAHBE":70,"DBDFIOOFJAF":2,"difficultyId":35,"difficultyLevel":4,"EDBENPCDKOI":160,"EHNLPIMKDPP":0,"EPLIKPJLKFO":[1,2,3,4,5],"FEMGFIFCBOD":2084,"FMBJKJHGGBG":16,"GFNPJMLLAJP":10,"GPFPAIACAPE":6064,"HKINMENNILD":[16,11,17],"ICLHEPJJFHM":1034,"KMJBOFIABMH":30,"LBEOGIHPHDF":3,"MGHHGBFHGFG":2,"NCOHIGAHCJI":5014,"NHDBNJJLCCK":3084,"NKHFBEPEMPE":1,"OCPJJHLNGEO":"1:6,2:14","ODGJGFFAIKP":2,"OLDCPCMAOPD":[3],"POHOAIKMKGE":4},"36":{"DAEMGLHAHBE":60,"DBDFIOOFJAF":0,"difficultyId":36,"difficultyLevel":1,"EDBENPCDKOI":100,"EHNLPIMKDPP":0,"EPLIKPJLKFO":[1,2,3,4,5],"FEMGFIFCBOD":2091,"FMBJKJHGGBG":2,"GFNPJMLLAJP":3,"GPFPAIACAPE":6071,"HKINMENNILD":[6,15,10],"ICLHEPJJFHM":1031,"KMJBOFIABMH":30,"LBEOGIHPHDF":2,"MGHHGBFHGFG":2,"NCOHIGAHCJI":5011,"NHDBNJJLCCK":3091,"NKHFBEPEMPE":1,"OCPJJHLNGEO":"1:2,2:5","ODGJGFFAIKP":2,"OLDCPCMAOPD":[],"POHOAIKMKGE":2},"37":{"DAEMGLHAHBE":60,"DBDFIOOFJAF":2,"difficultyId":37,"difficultyLevel":2,"EDBENPCDKOI":100,"EHNLPIMKDPP":0,"EPLIKPJLKFO":[1,2,3,4,5],"FEMGFIFCBOD":2092,"FMBJKJHGGBG":6,"GFNPJMLLAJP":6,"GPFPAIACAPE":6072,"HKINMENNILD":[6,15,10],"ICLHEPJJFHM":1032,"KMJBOFIABMH":30,"LBEOGIHPHDF":2,"MGHHGBFHGFG":2,"NCOHIGAHCJI":5012,"NHDBNJJLCCK":3092,"NKHFBEPEMPE":1,"OCPJJHLNGEO":"1:3,2:8","ODGJGFFAIKP":2,"OLDCPCMAOPD":[],"POHOAIKMKGE":2},"38":{"DAEMGLHAHBE":70,"DBDFIOOFJAF":2,"difficultyId":38,"difficultyLevel":3,"EDBENPCDKOI":160,"EHNLPIMKDPP":0,"EPLIKPJLKFO":[1,2,3,4,5],"FEMGFIFCBOD":2093,"FMBJKJHGGBG":10,"GFNPJMLLAJP":8,"GPFPAIACAPE":6073,"HKINMENNILD":[6,15,10],"ICLHEPJJFHM":1033,"KMJBOFIABMH":30,"LBEOGIHPHDF":2,"MGHHGBFHGFG":2,"NCOHIGAHCJI":5013,"NHDBNJJLCCK":3093,"NKHFBEPEMPE":1,"OCPJJHLNGEO":"1:4,2:10","ODGJGFFAIKP":2,"OLDCPCMAOPD":[],"POHOAIKMKGE":4},"39":{"DAEMGLHAHBE":70,"DBDFIOOFJAF":2,"difficultyId":39,"difficultyLevel":4,"EDBENPCDKOI":160,"EHNLPIMKDPP":0,"EPLIKPJLKFO":[1,2,3,4,5],"FEMGFIFCBOD":2094,"FMBJKJHGGBG":16,"GFNPJMLLAJP":10,"GPFPAIACAPE":6074,"HKINMENNILD":[6,15,10],"ICLHEPJJFHM":1034,"KMJBOFIABMH":30,"LBEOGIHPHDF":3,"MGHHGBFHGFG":2,"NCOHIGAHCJI":5014,"NHDBNJJLCCK":3094,"NKHFBEPEMPE":1,"OCPJJHLNGEO":"1:6,2:14","ODGJGFFAIKP":2,"OLDCPCMAOPD":[3],"POHOAIKMKGE":4},"40":{"DAEMGLHAHBE":60,"DBDFIOOFJAF":0,"difficultyId":40,"difficultyLevel":1,"EDBENPCDKOI":100,"EHNLPIMKDPP":0,"EPLIKPJLKFO":[1,2,3,4,5],"FEMGFIFCBOD":2101,"FMBJKJHGGBG":2,"GFNPJMLLAJP":3,"GPFPAIACAPE":6081,"HKINMENNILD":[16,18,13],"ICLHEPJJFHM":1031,"KMJBOFIABMH":30,"LBEOGIHPHDF":2,"MGHHGBFHGFG":2,"NCOHIGAHCJI":5011,"NHDBNJJLCCK":3101,"NKHFBEPEMPE":1,"OCPJJHLNGEO":"1:2,2:5","ODGJGFFAIKP":2,"OLDCPCMAOPD":[],"POHOAIKMKGE":2},"41":{"DAEMGLHAHBE":60,"DBDFIOOFJAF":2,"difficultyId":41,"difficultyLevel":2,"EDBENPCDKOI":100,"EHNLPIMKDPP":0,"EPLIKPJLKFO":[1,2,3,4,5],"FEMGFIFCBOD":2102,"FMBJKJHGGBG":6,"GFNPJMLLAJP":6,"GPFPAIACAPE":6082,"HKINMENNILD":[16,18,13],"ICLHEPJJFHM":1032,"KMJBOFIABMH":30,"LBEOGIHPHDF":2,"MGHHGBFHGFG":2,"NCOHIGAHCJI":5012,"NHDBNJJLCCK":3102,"NKHFBEPEMPE":1,"OCPJJHLNGEO":"1:3,2:8","ODGJGFFAIKP":2,"OLDCPCMAOPD":[],"POHOAIKMKGE":2},"42":{"DAEMGLHAHBE":70,"DBDFIOOFJAF":2,"difficultyId":42,"difficultyLevel":3,"EDBENPCDKOI":160,"EHNLPIMKDPP":0,"EPLIKPJLKFO":[1,2,3,4,5],"FEMGFIFCBOD":2103,"FMBJKJHGGBG":10,"GFNPJMLLAJP":8,"GPFPAIACAPE":6083,"HKINMENNILD":[16,18,13],"ICLHEPJJFHM":1033,"KMJBOFIABMH":30,"LBEOGIHPHDF":2,"MGHHGBFHGFG":2,"NCOHIGAHCJI":5013,"NHDBNJJLCCK":3103,"NKHFBEPEMPE":1,"OCPJJHLNGEO":"1:4,2:10","ODGJGFFAIKP":2,"OLDCPCMAOPD":[],"POHOAIKMKGE":4},"43":{"DAEMGLHAHBE":70,"DBDFIOOFJAF":2,"difficultyId":43,"difficultyLevel":4,"EDBENPCDKOI":160,"EHNLPIMKDPP":0,"EPLIKPJLKFO":[1,2,3,4,5],"FEMGFIFCBOD":2104,"FMBJKJHGGBG":16,"GFNPJMLLAJP":10,"GPFPAIACAPE":6084,"HKINMENNILD":[16,18,13],"ICLHEPJJFHM":1034,"KMJBOFIABMH":30,"LBEOGIHPHDF":3,"MGHHGBFHGFG":2,"NCOHIGAHCJI":5014,"NHDBNJJLCCK":3104,"NKHFBEPEMPE":1,"OCPJJHLNGEO":"1:6,2:14","ODGJGFFAIKP":2,"OLDCPCMAOPD":[3],"POHOAIKMKGE":4},"44":{"DAEMGLHAHBE":60,"DBDFIOOFJAF":0,"difficultyId":44,"difficultyLevel":1,"EDBENPCDKOI":100,"EHNLPIMKDPP":0,"EPLIKPJLKFO":[1,2,3,4,5],"FEMGFIFCBOD":2111,"FMBJKJHGGBG":2,"GFNPJMLLAJP":3,"GPFPAIACAPE":6091,"HKINMENNILD":[17,7,19],"ICLHEPJJFHM":1031,"KMJBOFIABMH":30,"LBEOGIHPHDF":2,"MGHHGBFHGFG":2,"NCOHIGAHCJI":5011,"NHDBNJJLCCK":3111,"NKHFBEPEMPE":1,"OCPJJHLNGEO":"1:2,2:5","ODGJGFFAIKP":2,"OLDCPCMAOPD":[],"POHOAIKMKGE":2},"45":{"DAEMGLHAHBE":60,"DBDFIOOFJAF":2,"difficultyId":45,"difficultyLevel":2,"EDBENPCDKOI":100,"EHNLPIMKDPP":0,"EPLIKPJLKFO":[1,2,3,4,5],"FEMGFIFCBOD":2112,"FMBJKJHGGBG":6,"GFNPJMLLAJP":6,"GPFPAIACAPE":6092,"HKINMENNILD":[17,7,19],"ICLHEPJJFHM":1032,"KMJBOFIABMH":30,"LBEOGIHPHDF":2,"MGHHGBFHGFG":2,"NCOHIGAHCJI":5012,"NHDBNJJLCCK":3112,"NKHFBEPEMPE":1,"OCPJJHLNGEO":"1:3,2:8","ODGJGFFAIKP":2,"OLDCPCMAOPD":[],"POHOAIKMKGE":2},"46":{"DAEMGLHAHBE":70,"DBDFIOOFJAF":2,"difficultyId":46,"difficultyLevel":3,"EDBENPCDKOI":160,"EHNLPIMKDPP":0,"EPLIKPJLKFO":[1,2,3,4,5],"FEMGFIFCBOD":2113,"FMBJKJHGGBG":10,"GFNPJMLLAJP":8,"GPFPAIACAPE":6093,"HKINMENNILD":[17,7,19],"ICLHEPJJFHM":1033,"KMJBOFIABMH":30,"LBEOGIHPHDF":2,"MGHHGBFHGFG":2,"NCOHIGAHCJI":5013,"NHDBNJJLCCK":3113,"NKHFBEPEMPE":1,"OCPJJHLNGEO":"1:4,2:10","ODGJGFFAIKP":2,"OLDCPCMAOPD":[],"POHOAIKMKGE":4},"47":{"DAEMGLHAHBE":70,"DBDFIOOFJAF":2,"difficultyId":47,"difficultyLevel":4,"EDBENPCDKOI":160,"EHNLPIMKDPP":0,"EPLIKPJLKFO":[1,2,3,4,5],"FEMGFIFCBOD":2114,"FMBJKJHGGBG":16,"GFNPJMLLAJP":10,"GPFPAIACAPE":6094,"HKINMENNILD":[17,7,19],"ICLHEPJJFHM":1034,"KMJBOFIABMH":30,"LBEOGIHPHDF":3,"MGHHGBFHGFG":2,"NCOHIGAHCJI":5014,"NHDBNJJLCCK":3114,"NKHFBEPEMPE":1,"OCPJJHLNGEO":"1:6,2:14","ODGJGFFAIKP":2,"OLDCPCMAOPD":[3],"POHOAIKMKGE":4},"48":{"DAEMGLHAHBE":60,"DBDFIOOFJAF":0,"difficultyId":48,"difficultyLevel":1,"EDBENPCDKOI":100,"EHNLPIMKDPP":0,"EPLIKPJLKFO":[1,2,3,4,5],"FEMGFIFCBOD":2121,"FMBJKJHGGBG":2,"GFNPJMLLAJP":3,"GPFPAIACAPE":6095,"HKINMENNILD":[1,16,14],"ICLHEPJJFHM":1031,"KMJBOFIABMH":30,"LBEOGIHPHDF":2,"MGHHGBFHGFG":2,"NCOHIGAHCJI":5011,"NHDBNJJLCCK":3115,"NKHFBEPEMPE":1,"OCPJJHLNGEO":"1:2,2:5","ODGJGFFAIKP":2,"OLDCPCMAOPD":[],"POHOAIKMKGE":2},"49":{"DAEMGLHAHBE":60,"DBDFIOOFJAF":2,"difficultyId":49,"difficultyLevel":2,"EDBENPCDKOI":100,"EHNLPIMKDPP":0,"EPLIKPJLKFO":[1,2,3,4,5],"FEMGFIFCBOD":2122,"FMBJKJHGGBG":6,"GFNPJMLLAJP":6,"GPFPAIACAPE":6096,"HKINMENNILD":[1,16,14],"ICLHEPJJFHM":1032,"KMJBOFIABMH":30,"LBEOGIHPHDF":2,"MGHHGBFHGFG":2,"NCOHIGAHCJI":5012,"NHDBNJJLCCK":3116,"NKHFBEPEMPE":1,"OCPJJHLNGEO":"1:3,2:8","ODGJGFFAIKP":2,"OLDCPCMAOPD":[],"POHOAIKMKGE":2},"50":{"DAEMGLHAHBE":70,"DBDFIOOFJAF":2,"difficultyId":50,"difficultyLevel":3,"EDBENPCDKOI":160,"EHNLPIMKDPP":0,"EPLIKPJLKFO":[1,2,3,4,5],"FEMGFIFCBOD":2123,"FMBJKJHGGBG":10,"GFNPJMLLAJP":8,"GPFPAIACAPE":6097,"HKINMENNILD":[1,16,14],"ICLHEPJJFHM":1033,"KMJBOFIABMH":30,"LBEOGIHPHDF":2,"MGHHGBFHGFG":2,"NCOHIGAHCJI":5013,"NHDBNJJLCCK":3117,"NKHFBEPEMPE":1,"OCPJJHLNGEO":"1:4,2:10","ODGJGFFAIKP":2,"OLDCPCMAOPD":[],"POHOAIKMKGE":4},"51":{"DAEMGLHAHBE":70,"DBDFIOOFJAF":2,"difficultyId":51,"difficultyLevel":4,"EDBENPCDKOI":160,"EHNLPIMKDPP":0,"EPLIKPJLKFO":[1,2,3,4,5],"FEMGFIFCBOD":2124,"FMBJKJHGGBG":16,"GFNPJMLLAJP":10,"GPFPAIACAPE":6098,"HKINMENNILD":[1,16,14],"ICLHEPJJFHM":1034,"KMJBOFIABMH":30,"LBEOGIHPHDF":3,"MGHHGBFHGFG":2,"NCOHIGAHCJI":5014,"NHDBNJJLCCK":3118,"NKHFBEPEMPE":1,"OCPJJHLNGEO":"1:6,2:14","ODGJGFFAIKP":2,"OLDCPCMAOPD":[3],"POHOAIKMKGE":4},"52":{"DAEMGLHAHBE":60,"DBDFIOOFJAF":0,"difficultyId":52,"difficultyLevel":1,"EDBENPCDKOI":100,"EHNLPIMKDPP":0,"EPLIKPJLKFO":[1,2,3,4,5],"FEMGFIFCBOD":2131,"FMBJKJHGGBG":2,"GFNPJMLLAJP":3,"GPFPAIACAPE":6101,"HKINMENNILD":[17,10,20],"ICLHEPJJFHM":1031,"KMJBOFIABMH":30,"LBEOGIHPHDF":2,"MGHHGBFHGFG":2,"NCOHIGAHCJI":5011,"NHDBNJJLCCK":3121,"NKHFBEPEMPE":1,"OCPJJHLNGEO":"1:2,2:5","ODGJGFFAIKP":2,"OLDCPCMAOPD":[],"POHOAIKMKGE":2},"53":{"DAEMGLHAHBE":60,"DBDFIOOFJAF":2,"difficultyId":53,"difficultyLevel":2,"EDBENPCDKOI":100,"EHNLPIMKDPP":0,"EPLIKPJLKFO":[1,2,3,4,5],"FEMGFIFCBOD":2132,"FMBJKJHGGBG":6,"GFNPJMLLAJP":6,"GPFPAIACAPE":6102,"HKINMENNILD":[17,10,20],"ICLHEPJJFHM":1032,"KMJBOFIABMH":30,"LBEOGIHPHDF":2,"MGHHGBFHGFG":2,"NCOHIGAHCJI":5012,"NHDBNJJLCCK":3122,"NKHFBEPEMPE":1,"OCPJJHLNGEO":"1:3,2:8","ODGJGFFAIKP":2,"OLDCPCMAOPD":[],"POHOAIKMKGE":2},"54":{"DAEMGLHAHBE":70,"DBDFIOOFJAF":2,"difficultyId":54,"difficultyLevel":3,"EDBENPCDKOI":160,"EHNLPIMKDPP":0,"EPLIKPJLKFO":[1,2,3,4,5],"FEMGFIFCBOD":2133,"FMBJKJHGGBG":10,"GFNPJMLLAJP":8,"GPFPAIACAPE":6103,"HKINMENNILD":[17,10,20],"ICLHEPJJFHM":1033,"KMJBOFIABMH":30,"LBEOGIHPHDF":2,"MGHHGBFHGFG":2,"NCOHIGAHCJI":5013,"NHDBNJJLCCK":3123,"NKHFBEPEMPE":1,"OCPJJHLNGEO":"1:4,2:10","ODGJGFFAIKP":2,"OLDCPCMAOPD":[],"POHOAIKMKGE":4},"55":{"DAEMGLHAHBE":70,"DBDFIOOFJAF":2,"difficultyId":55,"difficultyLevel":4,"EDBENPCDKOI":160,"EHNLPIMKDPP":0,"EPLIKPJLKFO":[1,2,3,4,5],"FEMGFIFCBOD":2134,"FMBJKJHGGBG":16,"GFNPJMLLAJP":10,"GPFPAIACAPE":6104,"HKINMENNILD":[17,10,20],"ICLHEPJJFHM":1034,"KMJBOFIABMH":30,"LBEOGIHPHDF":3,"MGHHGBFHGFG":2,"NCOHIGAHCJI":5014,"NHDBNJJLCCK":3124,"NKHFBEPEMPE":1,"OCPJJHLNGEO":"1:6,2:14","ODGJGFFAIKP":2,"OLDCPCMAOPD":[3],"POHOAIKMKGE":4},"56":{"DAEMGLHAHBE":60,"DBDFIOOFJAF":0,"difficultyId":56,"difficultyLevel":1,"EDBENPCDKOI":100,"EHNLPIMKDPP":0,"EPLIKPJLKFO":[1,2,3,4,5],"FEMGFIFCBOD":2141,"FMBJKJHGGBG":2,"GFNPJMLLAJP":3,"GPFPAIACAPE":6111,"HKINMENNILD":[1,3,2],"ICLHEPJJFHM":1031,"KMJBOFIABMH":30,"LBEOGIHPHDF":2,"MGHHGBFHGFG":2,"NCOHIGAHCJI":5011,"NHDBNJJLCCK":3131,"NKHFBEPEMPE":1,"OCPJJHLNGEO":"1:2,2:5","ODGJGFFAIKP":2,"OLDCPCMAOPD":[],"POHOAIKMKGE":2},"57":{"DAEMGLHAHBE":60,"DBDFIOOFJAF":2,"difficultyId":57,"difficultyLevel":2,"EDBENPCDKOI":100,"EHNLPIMKDPP":0,"EPLIKPJLKFO":[1,2,3,4,5],"FEMGFIFCBOD":2142,"FMBJKJHGGBG":6,"GFNPJMLLAJP":6,"GPFPAIACAPE":6112,"HKINMENNILD":[1,3,2],"ICLHEPJJFHM":1032,"KMJBOFIABMH":30,"LBEOGIHPHDF":2,"MGHHGBFHGFG":2,"NCOHIGAHCJI":5012,"NHDBNJJLCCK":3132,"NKHFBEPEMPE":1,"OCPJJHLNGEO":"1:3,2:8","ODGJGFFAIKP":2,"OLDCPCMAOPD":[],"POHOAIKMKGE":2},"58":{"DAEMGLHAHBE":70,"DBDFIOOFJAF":2,"difficultyId":58,"difficultyLevel":3,"EDBENPCDKOI":160,"EHNLPIMKDPP":0,"EPLIKPJLKFO":[1,2,3,4,5],"FEMGFIFCBOD":2143,"FMBJKJHGGBG":10,"GFNPJMLLAJP":8,"GPFPAIACAPE":6113,"HKINMENNILD":[1,3,2],"ICLHEPJJFHM":1033,"KMJBOFIABMH":30,"LBEOGIHPHDF":2,"MGHHGBFHGFG":2,"NCOHIGAHCJI":5013,"NHDBNJJLCCK":3133,"NKHFBEPEMPE":1,"OCPJJHLNGEO":"1:4,2:10","ODGJGFFAIKP":2,"OLDCPCMAOPD":[],"POHOAIKMKGE":4},"59":{"DAEMGLHAHBE":70,"DBDFIOOFJAF":2,"difficultyId":59,"difficultyLevel":4,"EDBENPCDKOI":160,"EHNLPIMKDPP":0,"EPLIKPJLKFO":[1,2,3,4,5],"FEMGFIFCBOD":2144,"FMBJKJHGGBG":16,"GFNPJMLLAJP":10,"GPFPAIACAPE":6114,"HKINMENNILD":[1,3,2],"ICLHEPJJFHM":1034,"KMJBOFIABMH":30,"LBEOGIHPHDF":3,"MGHHGBFHGFG":2,"NCOHIGAHCJI":5014,"NHDBNJJLCCK":3134,"NKHFBEPEMPE":1,"OCPJJHLNGEO":"1:6,2:14","ODGJGFFAIKP":2,"OLDCPCMAOPD":[3],"POHOAIKMKGE":4}}